-- phpMyAdmin SQL Dump
-- version 3.3.9.2
-- http://www.phpmyadmin.net
--
-- Хост: localhost
-- Время создания: Июл 14 2011 г., 17:10
-- Версия сервера: 5.1.54
-- Версия PHP: 5.3.5-1ubuntu7.2

SET SQL_MODE="NO_AUTO_VALUE_ON_ZERO";


/*!40101 SET @OLD_CHARACTER_SET_CLIENT=@@CHARACTER_SET_CLIENT */;
/*!40101 SET @OLD_CHARACTER_SET_RESULTS=@@CHARACTER_SET_RESULTS */;
/*!40101 SET @OLD_COLLATION_CONNECTION=@@COLLATION_CONNECTION */;
/*!40101 SET NAMES utf8 */;

--
-- База данных: `nvcg_topictalk`
--

-- --------------------------------------------------------

--
-- Структура таблицы `jawi_messages`
--

DROP TABLE IF EXISTS `jawi_messages`;
CREATE TABLE IF NOT EXISTS `jawi_messages` (
  `id` bigint(20) unsigned NOT NULL AUTO_INCREMENT,
  `author_id` int(10) unsigned NOT NULL,
  `parent_id` bigint(20) unsigned DEFAULT NULL,
  `topic_id` bigint(20) unsigned DEFAULT NULL,
  `topic_name` varchar(255) DEFAULT NULL,
  `message` text NOT NULL,
  `created` datetime NOT NULL DEFAULT '0000-00-00 00:00:00',
  `modified` timestamp NULL DEFAULT NULL,
  `modifier` int(10) unsigned DEFAULT NULL,
  `deleted` tinyint(1) unsigned DEFAULT NULL,
  `locked` tinyint(1) unsigned DEFAULT NULL,
  PRIMARY KEY (`id`),
  KEY `msg_parent` (`parent_id`),
  KEY `msg_author` (`author_id`),
  KEY `msg_topic_id` (`topic_id`)
) ENGINE=InnoDB  DEFAULT CHARSET=utf8 AUTO_INCREMENT=512 ;

--
-- Дамп данных таблицы `jawi_messages`
--

INSERT INTO `jawi_messages` (`id`, `author_id`, `parent_id`, `topic_id`, `topic_name`, `message`, `created`, `modified`, `modifier`, `deleted`, `locked`) VALUES
(48, 1, 0, 0, 'Обновления', 'Тут я буду писать все существенные обновления движка. Время от времени они будут удаляться и переезжать сюда - в заглавный пост.<br><br>1. Заработало удаление единичных сообщений. Групповое удаление скорее всего будет реализовано с полной перезагрузкой темы<br><br>2. Заработало редактирование сообщений<br><br>3. Некоторые параметры теперь запоминаются в куках:<br><div style="margin-left: 40px;">• Ширина колонок и их свернутость<br>• Состояние панели отладки<br><br></div>4. Текущая тема загружается из хеша строки запроса (то что после #). Таким образом можно давать ссылки на темы. Точно так же с постом (для формирования ссылки на него нужно кликнуть), при этом происходит прокрутка до поста.<br><br>5. Сообщение можно редактировать двойным кликом на нём<br><br>6. Реализовал поддержку граватаров и место для аватаров вообще. Аватары в \nсистеме используются размером 48*48 пикселей, но в профиле пользователя \nможно будет увидеть полный размер (100*100 скорее всего)<br><br>7. Сделал авто-обновление.<br><br>8. Теперь можно стартовать и удалять темы.<br><br>9. Сделал немного более правильным поведение формы ответа. Теперь она перед\n отправкой проверяет не появилось ли новых сообщений, не изменились ли \nсуществующие.<br><br>10. темы по умолчанию сортируются по \nдате последнего обновления, каковым считается не только написание нового\n сообщения, но и редактирование любого существущего.<br><br>11. Вывод аякс-бекенда теперь кодируется в gzip, чем уменьшает объем \nпередаваемых данных иногда на порядок. Как минимум в 5 раз - точно.<br><br>12. на небольших экранах включена экономия места за счет убирания лишних промежутков.', '2010-03-24 15:59:00', '2011-05-18 15:39:14', 1, NULL, NULL),
(73, 1, 0, 0, 'Книга жалоб и предубеждений :)<br>', 'Основное обсуждение работы сервиса<br>', '2010-03-26 00:16:58', '2011-05-18 15:28:26', 1, NULL, NULL),
(74, 1, 0, 0, 'Тест ветвления (пока приостановлен)<br>', 'Решили пока-что сделать чтоб работало по прямой<br>', '2010-03-26 00:31:52', '2011-04-01 10:28:53', 1, NULL, NULL),
(76, 1, 0, 0, 'Тема для пустого трепа', 'Тут можно пообщаться, наверное :) ....<br>', '2010-03-26 00:36:39', '2011-07-13 03:19:47', 1, NULL, NULL),
(77, 1, 0, 0, 'Тест длинных тем. Пишем любые сообщения', 'Сообщение 5. Та дам! (Заглавное)<br>', '2010-03-26 00:38:45', '2011-04-14 10:55:45', 1, NULL, NULL),
(78, 1, 77, 77, '', 'Сообщение, однако :)', '2010-04-06 11:00:36', NULL, NULL, NULL, NULL),
(79, 1, 78, 78, '', 'dfgd', '2010-04-06 11:00:52', NULL, NULL, NULL, NULL),
(80, 1, 77, 77, '', 'Новая месага!', '2011-03-04 18:21:41', NULL, NULL, NULL, NULL),
(81, 1, 77, 77, '', 'Еще одна!', '2011-03-04 18:24:39', NULL, NULL, NULL, NULL),
(82, 1, 77, 77, '', 'Ну вот, теперь можно уже более-менее осмысленные вещи делать :)', '2011-03-04 18:25:08', NULL, NULL, NULL, NULL),
(83, 1, 77, 77, '', 'Глянь как можно :)', '2011-03-04 18:29:30', NULL, NULL, NULL, NULL),
(85, 1, 77, 77, '', 'Чёто он был пустой    ', '2011-03-04 18:33:32', '2011-03-17 09:56:08', 1, NULL, NULL),
(86, 1, 77, 77, '', 'во-от!', '2011-03-04 18:34:08', NULL, NULL, NULL, NULL),
(87, 1, 77, 77, '', 'только ж не сообщение № такой-то, а тема №...', '2011-03-04 18:47:14', NULL, NULL, NULL, NULL),
(88, 1, 77, 77, '', 'Это старые названия, тогда тем еще не было, а сообщения от них остались :)', '2011-03-04 18:48:46', NULL, NULL, NULL, NULL),
(89, 1, 77, 77, '', 'Еще парочка сообщений в этой теме и будет достаточно :)', '2011-03-05 00:28:15', NULL, NULL, NULL, NULL),
(90, 1, 77, 77, '', 'Например я когда с ноута пишу, у меня уже прокрутка появляется :)', '2011-03-05 00:28:51', NULL, NULL, NULL, NULL),
(91, 1, 77, 77, '', 'Проба троббера', '2011-03-05 00:33:32', NULL, NULL, NULL, NULL),
(92, 1, 77, 77, '', 'НЕ получается троббер', '2011-03-05 00:33:45', NULL, NULL, NULL, NULL),
(93, 1, 77, 77, '', 'Слишком быстро отрабатывает. Надо искуственно замедлить.\n', '2011-03-05 00:35:13', NULL, NULL, NULL, NULL),
(94, 1, 77, 77, '', 'Попробуем так:\n', '2011-03-05 00:37:05', NULL, NULL, NULL, NULL),
(95, 1, 77, 77, '', 'Текст с задержкой', '2011-03-05 00:39:25', NULL, NULL, NULL, NULL),
(96, 1, 77, 77, '', 'Ещё раз', '2011-03-05 00:40:01', NULL, NULL, NULL, NULL),
(97, 1, 77, 77, '', 'Еще раз', '2011-03-05 00:42:09', NULL, NULL, NULL, NULL),
(98, 1, 77, 77, '', 'И еще разочек', '2011-03-05 00:43:06', NULL, NULL, NULL, NULL),
(99, 1, 77, 77, '', 'Как вам такой вариант ?', '2011-03-05 00:43:34', NULL, NULL, NULL, NULL),
(100, 1, 77, 77, '', 'Пост номер 100, к которому скроллимся<br>', '2011-03-05 01:01:55', '2011-03-17 09:34:21', 1, NULL, NULL),
(101, 1, 77, 77, '', 'ну ну ', '2011-03-05 01:02:18', NULL, NULL, NULL, NULL),
(102, 1, 77, 77, '', 'Это уже ближе к делу', '2011-03-05 01:03:04', NULL, NULL, NULL, NULL),
(110, 1, 77, 77, '', 'Почему не работают хоткеи в хроме?', '2011-03-05 03:32:45', NULL, NULL, NULL, NULL),
(114, 1, 74, 74, '', 'Очень удобный, а главное быстрый визивиг, кстати. :)<br><br>', '2011-03-05 04:10:40', NULL, NULL, NULL, NULL),
(119, 1, 77, 77, '', 'Наилучшим образом всё устроил :)<br>', '2011-03-05 04:53:05', NULL, NULL, NULL, NULL),
(120, 1, 74, 74, '', 'Ога, поддерживаю :) ^)<br>', '2011-03-05 12:24:18', '2011-03-18 19:30:23', 1, NULL, NULL),
(121, 1, 77, 77, '', 'Но хоткеи в хроме таки надо починить<br>', '2011-03-05 12:45:52', NULL, NULL, NULL, NULL),
(122, 1, 77, 77, '', 'Охохо! Март 2010!..<br>', '2011-03-06 15:32:41', '2011-03-26 02:14:04', 1, NULL, NULL),
(123, 1, 77, 77, '', 'Только <br>', '2011-03-06 15:32:53', NULL, NULL, NULL, NULL),
(124, 1, 77, 77, '', 'Это кто? Подпишись, пока я регистрацию не сделал :)<br>', '2011-03-08 01:39:27', '2011-03-26 02:13:35', 1, 1, NULL),
(125, 1, 77, 77, '', 'Блин! Март! Это же год назад.. <br>Типа весной и осенью - обострения :) у програмеров<br>', '2011-03-08 01:40:16', NULL, NULL, NULL, NULL),
(135, 1, 74, 74, '', 'Пока отсчитывается 20 секунд, мы тут отправим пост<br>', '2011-03-08 03:01:31', NULL, NULL, NULL, NULL),
(136, 1, 74, 74, '', 'Ну вот я типа пишу новый пост. Отслеживаю изменения.<br>', '2011-03-08 03:16:57', NULL, NULL, NULL, NULL),
(137, 1, 74, 74, '', 'Пока получается :)<br>', '2011-03-08 03:21:26', NULL, NULL, NULL, NULL),
(138, 1, 74, 74, '', 'ЭЙ! Я же написал новый пост. Почему следилка не реагирует?<br>', '2011-03-08 03:22:17', '2011-03-23 23:03:12', 1, NULL, NULL),
(139, 1, 74, 74, '', 'угнать за 30 сек<br>', '2011-03-08 03:23:41', NULL, NULL, NULL, NULL),
(144, 1, 77, 77, '', 'Новое<br>', '2011-03-10 17:08:18', NULL, NULL, NULL, NULL),
(145, 1, 48, 48, '', 'Заработало удаление единичных сообщений. Групповое удаление скорее всего будет реализовано с полной перезагрузкой темы<br>', '2011-03-11 13:23:46', '2011-05-18 15:32:08', 1, 1, NULL),
(147, 1, 48, 48, '', 'Заработало редактирование сообщений<br>', '2011-03-11 14:25:05', '2011-05-18 15:32:11', 1, 1, NULL),
(149, 1, 77, 77, '', 'а тут ещё кто-то, кроме нас, пишет? Интерееесно :)<br>', '2011-03-11 20:47:51', NULL, NULL, NULL, NULL),
(152, 1, 77, 77, '', '<div>Donec libero massa, gravida in pretium a, interdum quis sem. In vulputate gravida turpis, gravida malesuada ligula venenatis nec. Vestibulum vel facilisis lectus. Suspendisse a erat vel mi ullamcorper tempor. Fusce vitae eros odio, a fringilla velit. Sed eu sapien nec leo bibendum egestas. Aenean ornare nisl sed nibh suscipit mattis. Ut sed adipiscing neque. Vestibulum consequat sem vitae velit fringilla ullamcorper. Proin vitae est fringilla turpis ultricies tristique a nec ipsum.</div><div><br></div><div>Sed vel magna sit amet lorem consequat tincidunt. Praesent vel tellus sem. In imperdiet, neque pulvinar ornare scelerisque, tortor dolor pellentesque enim, ut aliquet turpis sem id orci. Cras orci velit, rutrum ac tincidunt eget, gravida a eros. Suspendisse vestibulum ante in quam interdum sodales. Ut consectetur ornare sapien, sed gravida est mollis at. Sed eu orci sem. Nullam tempor magna non velit aliquet sed auctor lacus venenatis. Phasellus interdum semper arcu, at congue sapien hendrerit non. Morbi varius tristique lobortis. Morbi quis eros lorem. Nullam ut nisi est.</div><div><br></div><div style="font-weight: bold;">Сгенерировано 15 абзацев, 1859 слов, 12487 байтов Lorem Ipsum</div>', '2011-03-13 16:41:29', '2011-03-19 20:41:19', 1, NULL, NULL),
(193, 1, 48, 48, '', 'Некоторые параметры теперь запоминаются в куках:<br><ul><li>Ширина колонок и их свернутость</li><li style="text-decoration: line-through;">Текущая загруженная тема</li><li>Состояние панели отладки</li></ul>', '2011-03-16 14:48:33', '2011-05-18 15:32:15', 1, 1, NULL),
(194, 1, 48, 48, '', 'Текущая тема загружается не из куки, а из хеша строки запроса (то что после #)<br>Таким образом можно давать ссылки на темы.<br>', '2011-03-16 19:26:38', '2011-05-18 15:32:22', 1, 1, NULL),
(196, 1, 48, 48, '', 'По клику на сообщение формируется ссылка на него в адресной строке. Переход по ссылке работает.<br>', '2011-03-17 10:19:11', '2011-05-18 15:32:26', 1, 1, NULL),
(197, 1, 73, 73, '', 'Выделение "активного" сообщения при клике на него. Обеспечить одновременное выделение только одного сообщения (или же стандартной схемы с ctrl, shift). Выделять сообщение при переходе по ссылке на него.<br>', '2011-03-17 10:20:56', '2011-05-18 15:23:55', 1, 1, NULL),
(198, 1, 73, 73, '', 'Сделать возможность ссылаться на определенное место в тексте. В идеале скрипт запоминает и кодирует определенное количество символов начиная от точки начала выделения, а затем при передаче ссылки ищет эту комбинацию в тексте, создает возле нее временный динамический якорь и прокручивает просмотр к нему.<br>', '2011-03-17 10:24:55', '2011-05-18 15:24:03', 1, 1, NULL),
(199, 1, 73, 73, '', 'Продумать запоминание текущего места чтения темы пользователем - только для него. Также продумать сочетание работы этого механизма с загрузкой выделенного сообщения из хеша адресной строки<br>', '2011-03-17 10:40:46', '2011-05-18 15:24:09', 1, 1, NULL),
(200, 1, 48, 48, '', 'Сообщение можно редактировать двойным кликом на нём<br>', '2011-03-17 10:42:09', '2011-05-18 15:33:30', 1, 1, NULL),
(201, 1, 73, 73, '', 'Сделать обработку горячих клавиш. Скорее всего придется делать общий "слушатель" клавиш и в нем писать все возможные варианты.<br>', '2011-03-17 10:42:26', '2011-05-18 15:24:13', 1, 1, NULL),
(202, 1, 73, 73, '', '<span style="font-weight: bold;"></span><span style="text-decoration: line-through;">Сделать наконец механизм регистрации и авторизации, а также автообновлялку, чтобы можно было общаться здесь с другими людьми хотя-бы в линию.</span><br><br>СДЕЛАНО<br>', '2011-03-17 10:44:52', '2011-05-18 15:24:17', 1, 1, NULL),
(203, 1, 48, 48, '', 'Реализовал поддержку граватаров и место для аватаров вообще. Аватары в системе используются размером 48*48 пикселей, но в профиле пользователя можно будет увидеть полный размер (100*100 скорее всего)<br>', '2011-03-17 13:27:40', '2011-05-18 15:33:34', 1, 1, NULL),
(211, 1, 77, 77, '', 'и еще 2', '2011-03-18 14:21:58', '2011-03-26 02:16:01', 1, 1, NULL),
(213, 1, 74, 74, '', 'Проба<br>', '2011-03-19 16:50:02', NULL, NULL, NULL, NULL),
(222, 1, 73, 73, '', 'сделать для активного поля какую-нибудь очевидную индикацию. А то, \nнапример, в новом файрфоксе активное поле никак не выделяется ', '2011-03-20 02:14:58', '2011-05-18 15:27:25', 1, 1, NULL),
(223, 1, 73, 73, '', 'Бага: при добавлении нового сообщения в конец прокрутка не прокручивается до него', '2011-03-20 02:32:26', '2011-05-18 15:24:25', 1, 1, NULL),
(232, 1, 73, 73, '', '<p>Хотелось бы видеть какие-то сведения о прогрессе «дозагрузки». Ибо смотреть на крутящиеся вещи — занятно только до поры-до времени.</p><p><br></p><p>Это (кстати) одно из того (что раздражает во многих текущих ajax''овых вещах).</p>', '2011-03-24 04:52:36', '2011-05-01 18:10:59', 1, 1, NULL),
(233, 1, 73, 73, '', 'По идее прогресс дозагрузки осуществляется довольно быстро. Прогрессбар осуществить можно только тогда, когда дозагрузка осуществляется в несколько ajax-запросов. Если запрос один, прогрессбар можно только симулировать, ибо как скоро браузер получит ответ от сервера - никто не знает, а когда он его получил, обновление контента происходит в считанные милисекунды.<br>', '2011-03-24 12:44:05', '2011-05-01 18:11:08', 1, 1, NULL),
(234, 1, 76, 76, '', 'Отвечаю', '2011-03-25 15:50:20', '2011-03-25 15:54:45', 1, 1, NULL),
(235, 1, 76, 76, '', 'Еще раз отвечаю', '2011-03-25 15:50:59', '2011-03-25 15:52:49', 1, 1, NULL),
(236, 1, 76, 76, '', 'Блин, шо за фигня?<div><br></div>', '2011-03-25 15:52:01', '2011-03-25 16:08:47', 1, 1, NULL),
(237, 1, 76, 76, '', 'А вот это уже ответ', '2011-03-25 15:55:31', '2011-03-25 17:04:13', 1, 1, NULL),
(238, 1, 76, 76, '', 'И еще один ответ', '2011-03-25 16:01:41', '2011-03-25 16:02:47', 1, 1, NULL),
(239, 1, 76, 76, '', 'Еще раз, блин!!!!', '2011-03-25 16:06:26', '2011-03-25 16:30:49', 1, 1, NULL),
(240, 1, 76, 76, '', 'Добавляем сообщение', '2011-03-25 16:25:42', '2011-03-25 17:03:37', 1, 1, NULL),
(241, 1, 76, 76, '', 'Ответ в тему', '2011-03-25 16:31:23', '2011-03-25 17:03:35', 1, 1, NULL),
(242, 1, 76, 76, '', 'Какой-то нормальный пост', '2011-03-25 16:34:28', '2011-03-25 17:03:33', 1, 1, NULL),
(243, 1, 76, 76, '', '<div>dsfssdsf</div>', '2011-03-25 16:35:13', '2011-03-25 17:03:30', 1, 1, NULL),
(244, 1, 76, 76, '', 'Странный баг, но пока не ловится', '2011-03-25 16:35:38', '2011-03-25 17:03:28', 1, 1, NULL),
(245, 1, 76, 76, '', 'трампампам', '2011-03-25 17:09:20', '2011-03-25 17:09:36', 1, 1, NULL),
(246, 1, 76, 76, '', 'привет, Миша<br>', '2011-03-25 17:11:00', NULL, NULL, NULL, NULL),
(247, 1, 76, 76, '', 'Так долго писала такое короткое сообщение?<br>', '2011-03-25 17:11:15', NULL, NULL, NULL, NULL),
(248, 1, 76, 76, '', 'меня таращит. медленно набираю<br>', '2011-03-25 17:11:35', NULL, NULL, NULL, NULL),
(249, 1, 76, 76, '', 'Шо случилось?<br>', '2011-03-25 17:11:49', NULL, NULL, NULL, NULL),
(250, 1, 76, 76, '', 'та хз. толи погода, толи заболела(((<br>', '2011-03-25 17:12:15', NULL, NULL, NULL, NULL),
(251, 1, 76, 76, '', 'Темпаературу померяй :)<br>У нас по моему даже где-то в офисе был градусник<br>', '2011-03-25 17:12:48', NULL, NULL, NULL, NULL),
(252, 1, 76, 76, '', 'та ладно. уже скоро домой. меня заберут на тачке<br>', '2011-03-25 17:13:24', '2011-03-25 17:14:20', 1, 1, NULL),
(253, 1, 76, 76, '', 'Оу. Ну, прикольно, не спорю. <br><br>Слушай, а попробуй сообщение удалить какое нибудь.<br>', '2011-03-25 17:14:00', NULL, NULL, NULL, NULL),
(254, 1, 48, 48, '', 'Сделал автообновление. Осталось регистрацию/авторизацию и можно тестить<br>', '2011-03-25 17:19:42', '2011-05-18 15:33:38', 1, 1, NULL),
(255, 1, 73, 73, '', '1. всплывающие подсказки в меню форматирования текста<br>2. сигнал о полученном сообщении(звуковой или графический)<br>', '2011-03-25 17:20:32', '2011-05-18 15:24:59', 1, 1, NULL),
(256, 1, 73, 73, '', 'Спасибо :)<br><br>Еще: увеличение времени ожидания waiter-а когда вкладка неактивна, или браузер свернут.<br>', '2011-03-25 17:22:57', '2011-04-01 13:01:09', 1, 1, NULL),
(257, 1, 76, 76, '', 'вфыавыавыаыаы', '2011-03-25 17:28:13', '2011-03-26 02:48:43', 1, 1, NULL),
(258, 1, 76, 76, '', 'блабла<br>', '2011-03-25 17:28:22', '2011-03-26 02:48:38', 1, 1, NULL),
(259, 1, 77, 77, '', 'Бла бла вап ва пвп вп вапвапвап<br>', '2011-03-26 02:14:29', '2011-03-26 02:17:41', 1, 1, NULL),
(260, 1, 74, 74, '', '<div style="text-align: left;">TACENDA - HIDING</div><div><br></div><div>oh, last night I dreamt of a place (land)</div><div>...</div><div>medicine is keeping people sick</div><div>and the tracher''s work is to limit you</div><div><br></div><blockquote class="webkit-indent-blockquote" style="margin: 0 0 0 40px; border: none; padding: 0px;">then I woke up,&nbsp;crying out loud<div>broken with all I have known</div><div>''cause they''re showing me things I can live without</div><div>''nd hiding what had to be shown</div><div><br></div><div>I will highlight the things they were hiding tight</div><div><br></div><div>We can highlight the things they were hiding tight</div></blockquote><div><div><br></div></div>', '2011-03-30 13:42:41', '2011-03-31 22:40:23', 1, 1, NULL),
(261, 4, 76, 76, '', 'А ну ка, попробуем попостить под вторым акком :)<br>', '2011-04-01 03:48:42', '2011-04-01 04:02:16', 4, 1, NULL),
(262, 4, 76, 76, '', 'Что за хрень?<br>', '2011-04-01 03:54:38', '2011-04-01 03:57:33', 4, 1, NULL),
(263, 4, 76, 76, '', 'Блин, чтё за...<br>', '2011-04-01 03:57:53', '2011-04-01 04:02:11', 4, 1, NULL),
(264, 4, 76, 76, '', 'Ыыыыыы<br>', '2011-04-01 04:02:29', NULL, NULL, NULL, NULL),
(265, 4, 76, 76, '', 'ОК. Что теперь?<br>', '2011-04-01 04:14:44', NULL, NULL, NULL, NULL),
(266, 1, 76, 76, '', 'Ну давай поговорим, что ли :)', '2011-04-01 04:29:42', NULL, NULL, NULL, NULL),
(267, 4, 76, 76, '', 'Можно :)<br>', '2011-04-01 04:30:07', NULL, NULL, NULL, NULL),
(268, 4, 48, 48, '', 'Регистрация и авторизация готовы. Сейчас, как видите, пишу с другого аккаунта :)<br>Можно регистрироваться и писать :)<br><br>Планы на ближайшее будущее - открытие новых тем, обновление списка тем в соответствии с появлением новых сообщений в темах. <br><br>После этого первый этап подготовки можно считать законченным и начинать оптимизировать , допиливать и полировать.<br>', '2011-04-01 05:03:13', '2011-05-19 10:42:42', 4, 1, NULL),
(269, 4, 74, 74, '', 'Тест<br>', '2011-04-01 05:03:36', NULL, NULL, NULL, NULL),
(270, 4, 74, 74, '', 'Еще раз<br>', '2011-04-01 05:04:23', NULL, NULL, NULL, NULL),
(271, 6, 74, 74, '', 'Ой, кажется, у кого-то размножение личности... :) <br>', '2011-04-01 11:14:12', '2011-04-01 11:14:32', 6, 1, NULL),
(272, 6, 74, 74, '', 'Ой, кажется, у кого-то размножение личности... :) <br>', '2011-04-01 11:14:14', NULL, NULL, NULL, NULL),
(273, 1, 74, 74, '', 'Ну так, проверить-то как-то надо было<br>', '2011-04-01 11:14:57', NULL, NULL, NULL, NULL),
(274, 6, 74, 74, '', 'оге)<br>', '2011-04-01 11:20:52', NULL, NULL, NULL, NULL),
(275, 1, 74, 74, '', 'Пока что интервал автообновления - 10 сек. Как думаешь, стоит сделать меньше?<br>', '2011-04-01 11:21:23', NULL, NULL, NULL, NULL),
(276, 6, 74, 74, '', 'редактирование профиля тоже пока не доступно?<br>', '2011-04-01 11:21:46', NULL, NULL, NULL, NULL),
(277, 1, 74, 74, '', 'Так профиля пока нет :)<br>', '2011-04-01 11:22:09', '2011-04-01 11:22:55', 1, NULL, NULL),
(278, 6, 74, 74, '', 'ясно))) и уведомления на мыло тоже?<br>', '2011-04-01 11:25:57', NULL, NULL, NULL, NULL),
(279, 1, 74, 74, '', 'Уведомления на мыло о чем?<br>', '2011-04-01 11:26:14', NULL, NULL, NULL, NULL),
(280, 6, 74, 74, '', 'тест мультинажатия "Отравить"<br>', '2011-04-01 11:26:25', '2011-04-01 11:26:34', 6, 1, NULL),
(281, 6, 74, 74, '', 'тест мультинажатия "Отравить"', '2011-04-01 11:26:40', NULL, NULL, NULL, NULL),
(282, 6, 74, 74, '', 'тест мультинажатия "Отравить"', '2011-04-01 11:26:41', NULL, NULL, NULL, NULL),
(283, 6, 74, 74, '', 'тест мультинажатия "Отравить"', '2011-04-01 11:26:41', NULL, NULL, NULL, NULL),
(284, 6, 74, 74, '', 'воть :) надо бы лочить "Отравить" после первого нажатия.<br>', '2011-04-01 11:28:08', NULL, NULL, NULL, NULL),
(285, 6, 74, 74, '', 'воть :) надо бы лочить "Отравить" после первого нажатия.<br>', '2011-04-01 11:28:08', NULL, NULL, NULL, NULL),
(286, 6, 74, 74, '', 'воть :) надо бы лочить "Отравить" после первого нажатия.<br>', '2011-04-01 11:28:08', NULL, NULL, NULL, NULL),
(287, 6, 74, 74, '', 'воть :) надо бы лочить "Отравить" после первого нажатия.<br>', '2011-04-01 11:28:09', NULL, NULL, NULL, NULL),
(288, 6, 74, 74, '', 'воть :) надо бы лочить "Отравить" после первого нажатия.<br>', '2011-04-01 11:28:09', NULL, NULL, NULL, NULL),
(289, 1, 74, 74, '', 'Эээээ...<br>', '2011-04-01 11:29:21', '2011-04-01 11:55:22', 1, 1, NULL),
(290, 1, 74, 74, '', 'Эээээ...<br>', '2011-04-01 11:29:43', '2011-04-01 11:55:23', 1, 1, NULL),
(291, 1, 74, 74, '', 'Эээээ...<br>', '2011-04-01 11:29:43', '2011-04-01 11:55:25', 1, 1, NULL),
(292, 1, 74, 74, '', 'Эээээ...<br>', '2011-04-01 11:29:43', '2011-04-01 11:55:34', 1, 1, NULL),
(293, 1, 74, 74, '', 'Эээээ...<br>', '2011-04-01 11:29:43', NULL, NULL, NULL, NULL),
(294, 1, 74, 74, '', 'Эээээ...<br>', '2011-04-01 11:29:43', '2011-04-01 11:55:31', 1, 1, NULL),
(295, 1, 74, 74, '', 'Проверка починенного мультинажатия<br>', '2011-04-01 11:34:28', NULL, NULL, NULL, NULL),
(296, 1, 74, 74, '', 'Еще раз<br>', '2011-04-01 11:34:41', NULL, NULL, NULL, NULL),
(297, 1, 74, 74, '', 'Так, мультинажатие я пофиксил.<br>', '2011-04-01 11:35:30', NULL, NULL, NULL, NULL),
(298, 6, 74, 74, '', 'мдя?<br>', '2011-04-01 11:36:55', NULL, NULL, NULL, NULL),
(299, 6, 74, 74, '', 'мдя?<br>', '2011-04-01 11:36:56', NULL, NULL, NULL, NULL),
(300, 6, 74, 74, '', 'мдя?<br>', '2011-04-01 11:36:56', NULL, NULL, NULL, NULL),
(301, 6, 74, 74, '', 'мдя?<br>', '2011-04-01 11:36:57', NULL, NULL, NULL, NULL),
(302, 6, 74, 74, '', 'мдя?<br>', '2011-04-01 11:36:57', NULL, NULL, NULL, NULL),
(303, 6, 74, 74, '', 'мдя?<br>', '2011-04-01 11:36:57', NULL, NULL, NULL, NULL),
(304, 6, 74, 74, '', 'мдя?<br>', '2011-04-01 11:36:58', NULL, NULL, NULL, NULL),
(305, 1, 74, 74, '', 'вот я кликаю много раз<br>', '2011-04-01 11:38:55', NULL, NULL, NULL, NULL),
(306, 6, 74, 74, '', 'а щас?<br>', '2011-04-01 11:39:37', NULL, NULL, NULL, NULL),
(307, 6, 74, 74, '', 'ой ли? ;)<br>', '2011-04-01 11:39:58', NULL, NULL, NULL, NULL),
(308, 1, 74, 74, '', 'вроде не ошибается уже<br>', '2011-04-01 11:40:07', NULL, NULL, NULL, NULL),
(309, 6, 74, 74, '', 'fixed :)<br>', '2011-04-01 11:40:22', NULL, NULL, NULL, NULL),
(310, 1, 74, 74, '', 'Хотя на будущее, конечно в пхп тоже нужно защиту от флуда поставить.<br>', '2011-04-01 11:42:16', NULL, NULL, NULL, NULL),
(311, 6, 74, 74, '', 'вот и я о чем<br>', '2011-04-01 11:43:02', NULL, NULL, NULL, NULL),
(312, 1, 74, 74, '', 'Скажу так: на данный момент о защите я не думаю вообще. Моя задача - сделать скрипт рабочим, чтобы можно было рабочей версией заинтересовать гипотетических разработчиков. А потом уже всё будет допиливаться до состояния всенародного пользования<br>', '2011-04-01 11:44:49', NULL, NULL, NULL, NULL),
(313, 6, 76, 76, '', 'да, с консолью ака <span style="font-weight: bold;">Панель отладки</span> хорошо :)<br>', '2011-04-01 11:46:32', NULL, NULL, NULL, NULL),
(314, 1, 74, 74, '', 'Блин, фигня. По моему когда я из дома кодил, кое какие изменения не закоммитились в гит. Теперь автопрокрутка до нового поста не работает.<br>', '2011-04-01 11:46:56', NULL, NULL, NULL, NULL),
(315, 6, 74, 74, '', 'есть такое...<br>', '2011-04-01 11:48:04', NULL, NULL, NULL, NULL),
(316, 1, 74, 74, '', 'Щас блин, придется разрешать конфликт. Как я это не люблю...<br>', '2011-04-01 11:50:07', NULL, NULL, NULL, NULL),
(317, 1, 74, 74, '', 'Хм. Получилось вроде. И даже конфликта не случилось<br>', '2011-04-01 11:54:44', NULL, NULL, NULL, NULL),
(318, 6, 74, 74, '', 'напиши чего-нить<br>', '2011-04-01 11:56:14', NULL, NULL, NULL, NULL),
(319, 1, 74, 74, '', 'Пишу<br>', '2011-04-01 11:56:22', NULL, NULL, NULL, NULL),
(320, 6, 74, 74, '', 'а, да, работает) зачет)<br>', '2011-04-01 11:56:37', NULL, NULL, NULL, NULL),
(321, 1, 74, 74, '', 'Вот скажи, такой уровень функциональности (ну допустим плюс создание новых тем и обновление столбца тем) - достаточная замануха для разрабов?<br>', '2011-04-01 11:57:25', NULL, NULL, NULL, NULL),
(322, 6, 74, 74, '', 'я не разраб, так что хз... ИМХО, да. главное, чтоб энтузизизм был<br>', '2011-04-01 11:59:36', NULL, NULL, NULL, NULL),
(323, 1, 74, 74, '', 'Тебе было бы удобно общаться в такой штуковине?<br>', '2011-04-01 12:00:44', NULL, NULL, NULL, NULL),
(324, 6, 74, 74, '', 'с доработанным функционалом - почему нет) интерфейс мне нравится.<br>', '2011-04-01 12:05:01', NULL, NULL, NULL, NULL),
(325, 1, 74, 74, '', 'Я примерно это и хотел узнать, спасибо.<br>ОК, теперь вопрос более наглый - присоединишься ли ты к команде? На уровне тестировщика например.<br>', '2011-04-01 12:06:46', '2011-04-01 12:07:10', 1, NULL, NULL),
(326, 6, 74, 74, '', '<sup>На уровне тестировщика</sup><sub> </sub><sup>- почему нет. ;) <br></sup>', '2011-04-01 12:10:28', NULL, NULL, NULL, NULL),
(327, 6, 74, 74, '', 'и так щас два проекта тестирую. будет третий :)<br>', '2011-04-01 12:12:10', NULL, NULL, NULL, NULL),
(328, 1, 74, 74, '', 'В таком случае тебе на https://github.com/lerayne/UltiComm. Там есть раздел Issues - для багтрекинга, фич-реквестов и пр.<br>', '2011-04-01 12:13:32', NULL, NULL, NULL, NULL),
(329, 6, 74, 74, '', 'оке<br>', '2011-04-01 12:15:39', NULL, NULL, NULL, NULL),
(330, 6, 74, 74, '', 'так, чтоб далеко не ходить - надо бы при нажатии "Ответить" фокусировать курсор на поле ввода<br>', '2011-04-01 12:17:05', NULL, NULL, NULL, NULL),
(331, 1, 74, 74, '', 'А, да на это не ты первый жалуешься. Сделаю, только не сейчас. Сейчас мне работать надо<br>', '2011-04-01 12:17:57', '2011-04-01 12:38:15', 1, NULL, NULL),
(332, 1, 76, 76, '', 'Да, такое паливо :) Кстати я таки переименую ее в консоль<br>', '2011-04-01 13:00:00', NULL, NULL, NULL, NULL),
(333, 1, 73, 73, '', '^ Сделано<br>', '2011-04-01 13:00:33', '2011-04-01 13:02:04', 1, 1, NULL),
(334, 7, 76, 76, '', 'Зарегистрировалась :)<br>', '2011-04-04 00:03:15', NULL, NULL, NULL, NULL),
(335, 1, 76, 76, '', 'Прикольно :) Спасибо.<br>А граватар не залила?<br>', '2011-04-04 18:24:56', NULL, NULL, NULL, NULL),
(336, 9, 76, 76, '', 'зарегистрировался %)', '2011-04-04 18:37:13', NULL, NULL, NULL, NULL),
(337, 1, 76, 76, '', 'Щас проверим как автообновлялка работает<br>', '2011-04-04 18:37:40', NULL, NULL, NULL, NULL),
(338, 1, 76, 76, '', 'Таймаут 10 секунд правда. Многовато.<br>', '2011-04-04 18:38:02', '2011-04-04 18:38:11', 1, NULL, NULL),
(339, 9, 73, 73, '', 'как считаешь, нужна индикация непрочитанных сообщений?', '2011-04-04 18:42:53', NULL, NULL, NULL, NULL),
(340, 1, 73, 73, '', 'Само собой. Только я пока не придумал как сделать<br><br>', '2011-04-04 18:43:09', '2011-05-18 15:24:34', 1, 1, NULL),
(341, 1, 73, 73, '', 'А еще нужнее - индикация новых сообщений пришедших в темы<br>', '2011-04-04 18:44:03', NULL, NULL, NULL, NULL),
(342, 1, 76, 76, '', 'Временно уменьшил до 5-и<br>', '2011-04-04 18:46:36', NULL, NULL, NULL, NULL),
(343, 9, 76, 76, '', '*пустой трёп*', '2011-04-04 18:49:42', NULL, NULL, NULL, NULL),
(344, 1, 73, 73, '', 'В принципе, как сделать непрочитанными посты, появившиеся за время, пока тема была открыта - понятно. А вот как вычислить непрочитанные со времени последнего посещения? Разве что забивать куда-то дату посещения и сравнивать дату поста с ней. И отдельный важный вопрос - по какому событию делать сообщения прочитанными.<br>', '2011-04-04 18:50:26', NULL, NULL, NULL, NULL),
(345, 9, 76, 76, '', 'очень неудобно без hot-key для отправления сообщения<br><hr><div>Edit: а красный квадрат в меню что-нибудь означает?</div><div><hr>Edit 2: а синий? :)</div>', '2011-04-04 18:50:58', '2011-04-04 18:55:52', 9, NULL, NULL),
(346, 9, 73, 73, '', 'проще всего, очевидно, помечать все сообщения темы прочитанными при открытии темы<div>но тогда было бы неплохо сделать что-нибудь типа галки "оставить непрочитанными все сообщения начиная с этого"</div>', '2011-04-04 18:53:06', NULL, NULL, NULL, NULL),
(347, 1, 73, 73, '', 'Нет, не канает. Человек зайдя в тему должен увидеть, какие из сообщений являются непрочитанными.<br>', '2011-04-04 20:00:43', NULL, NULL, NULL, NULL),
(348, 4, 76, 76, '', 'Квадраты - это индикатор активности окна. При неактивном окне частота обновлений падает с 5 сек до 3 мин.<br><br>Хоткеи - прикрутим.<br>', '2011-04-04 23:15:37', NULL, NULL, NULL, NULL),
(349, 9, 73, 73, '', 'Ну это, как ты и сказал, по сравнению дат.', '2011-04-04 23:23:50', '2011-04-04 23:23:58', 9, NULL, NULL),
(350, 4, 73, 73, '', 'Да, блин, без возможности отслеживать изменения общаться трудно, так что я этим займусь сразу же после того, как прикручу открытие новой темы.<br>', '2011-04-05 01:37:40', NULL, NULL, NULL, NULL),
(351, 10, 76, 76, '', 'Тестовое сообщение<br>', '2011-04-05 12:07:27', NULL, NULL, NULL, NULL),
(352, 1, 76, 76, '', 'Обновление пашет?<br>', '2011-04-05 12:16:42', NULL, NULL, NULL, NULL),
(353, 10, 73, 73, '', 'На вскидку вариант - таблица соответствия пользователь - тема. <br>Чтото типа: <br>usertopic<br>_____________<br>idUserTipic int(11) AUTO_INCREMENT<br>idUser int(11)<br>idTopic int(11)<br>dtShow datetime<br><br>', '2011-04-05 15:32:26', '2011-04-05 15:45:13', 10, NULL, NULL),
(354, 11, 77, 77, '', 'Слушай, а может все-таки стоит делать обратній порядок сообщений?', '2011-04-05 16:30:07', NULL, NULL, NULL, NULL),
(355, 1, 77, 77, '', 'Нет, потому что будет ветвление. Ветвление возможно только сверху вниз, по другому народ не поймет.<br>', '2011-04-05 16:34:05', '2011-04-07 16:56:48', 1, NULL, NULL),
(356, 1, 73, 73, '', 'В принципе я пришел к подобному выводу, но нафига там тогда индексное поле? <br>И остается открытым вопрос по какому событию считать пост прочитанным? По клику? По ховеру? Дополнительно по пробелу как в вейве?<br>', '2011-04-05 16:38:44', NULL, NULL, NULL, NULL),
(357, 11, 73, 73, '', 'Слушайте, а не проще ли в соотвествии пользователя темам записівать не дату, последний прочитанній айди, проще будет вібирать. Все сообщения из темі, айди которіх больше, чем последний прочитанный. Последний прочитанный отсылать вместе с запросом на обновление текущей темы. А вычислять его следующим образом: для всех непрочитанных, если уровень скроллинга + высота соотвествует позиции блока сообщения на странице + константа высоты заголовка + 1 строка (например).', '2011-04-05 16:39:03', NULL, NULL, NULL, NULL),
(358, 1, 76, 76, '', 'Смотрю я так, граватары никто не юзает :)<br>', '2011-04-05 16:39:09', NULL, NULL, NULL, NULL),
(359, 10, 73, 73, '', '2lokkie@wwegroup.info <br>в общем то это не поще. <br><br>2lerayne@gmail.com <br>Сколрее для приведения бд к неормалям чем для реальной функциональности. Посему это поле необязательно.<br>', '2011-04-05 16:43:42', '2011-04-05 16:43:57', 10, NULL, NULL),
(360, 11, 73, 73, '', 'От чего же не проще? Храниміх данніх меньше, индексация по интам проще.', '2011-04-05 17:01:43', NULL, NULL, NULL, NULL),
(361, 1, 73, 73, '', 'Локки, включи русский :) А то коробит.<br><br>Почему твой метод не лучше - потому что как непрочитанное будет отмечаться не только каждое новое, но и каждое отредактированное кем либо сообщение. ID оно будет иметь ниже, чем "последний прочитанный", а вот поле "modified" обновляется и в таком случае.', '2011-04-05 17:18:39', '2011-04-05 17:20:33', 1, NULL, NULL),
(362, 1, 0, 0, 'Тест открытия новой темы', 'Тра-ля-ля<br>', '2011-04-06 11:12:02', '2011-04-06 17:53:47', 1, 1, NULL),
(363, 1, 0, 0, 'А вот еще одна :)', 'Сообщение десу<br>', '2011-04-06 11:28:08', '2011-04-06 17:50:03', 1, 1, NULL),
(364, 1, 0, 0, 'тема 1', 'ййййййй<br>', '2011-04-06 11:30:56', '2011-04-06 17:49:40', 1, 1, NULL),
(365, 1, 0, 0, 'Тема 2', 'цццццццццц<br>', '2011-04-06 11:32:47', '2011-04-06 17:48:06', 1, 1, NULL),
(366, 1, 0, 0, 'тема 3', 'ууууууу<br>', '2011-04-06 11:34:15', '2011-04-06 17:46:22', 1, 1, NULL),
(367, 1, 0, 0, 'ваыаыа ', 'ыв аыва ы аыа<br>', '2011-04-06 11:38:35', '2011-04-06 17:46:01', 1, 1, NULL),
(368, 1, 48, 48, '', 'Теперь можно стартовать темы, но пока нельзя их удалять. Следующим сделаю удаление темы и&nbsp; сообщения с ветками от него, с отдельным предупреждением. А пока работа...<br>', '2011-04-06 11:50:41', '2011-05-18 15:34:06', 1, 1, NULL),
(369, 1, 367, 367, '', 'sadasdad<br>', '2011-04-06 13:02:46', '2011-04-06 13:08:44', 1, NULL, NULL),
(370, 10, 76, 76, '', 'Может я чего то не вижу. но скажу так. интуитивно непонятно где настраивать аватары и тд.&nbsp;', '2011-04-06 13:09:03', NULL, NULL, NULL, NULL),
(371, 1, 367, 367, '', 'dfg dgd dg <br>', '2011-04-06 13:09:12', NULL, NULL, NULL, NULL),
(372, 11, 73, 73, '', 'тогда согласен', '2011-04-06 13:21:06', NULL, NULL, NULL, NULL),
(373, 1, 366, 366, '', 'asdaadasdada<br>', '2011-04-06 17:46:17', NULL, NULL, NULL, NULL),
(374, 1, 76, 76, '', 'Есть такой сервис - gravatar.com<br>О нем сказано в нашей форме регистрации. Там можно аватар привязать к имейлу и он будет следовать за тобой по всем сайтам, которые поддерживают этот сервис и на которых ты будешь регистрироваться под этим имейлом. Другого метода заливки аватара пока нет, так как это не первоочередная задача.<br><br>ЗЫ: Можно зарегать на себя несколько имейлов и к каждому привязать свой аватар.<br>', '2011-04-06 17:55:43', '2011-04-07 04:07:12', 1, NULL, NULL),
(375, 1, 48, 48, '', 'Сделал удаление тем.<br>Пока не прописано что происходит когда кто-то другой удаляет тему, в которой в данный момент находится пользователь. Очевидно сейчас будет глюк, описать который я не берусь.<br>', '2011-04-06 17:57:56', '2011-05-18 15:34:52', 1, 1, NULL),
(378, 1, 48, 48, '', 'Сделал немного более правильным поведение формы ответа. Теперь она перед отправкой проверяет не появилось ли новых сообщений, не изменились ли существующие.<br>', '2011-04-07 04:03:04', '2011-05-18 15:35:08', 1, 1, NULL),
(379, 1, 0, 0, 'Планы<br>', '?', '2011-04-07 04:03:29', '2011-05-18 15:21:01', 1, 1, NULL),
(380, 1, 73, 73, '', 'Новая замеченная недоработка, присутствующая на всем проекте повсеместно, это неправильное поведение многих модулей, использующих аякс, особенно для проверок - одну и ту же кнопку можно кликать несколько раз и результат будет непредсказуемым. Вылечена от этой болячки только кнопка "отправить" в сообщении, да и та никак не изменяется внешне, когда с нее снимается ивент.<br><br>Нужно разработать единую универсальную систему блокировок.<br>', '2011-04-07 04:10:41', '2011-04-07 04:11:50', 1, NULL, NULL),
(381, 1, 0, 0, 'Содержимое блока темы в колонке тем', 'Одним из постулатов UC было заявлено отсутствие лишних элементов интерфейса, засоряющих вид. Уже сейчас с этой целью используются css-классы revealer и reveal которые помогают легко демонстрировать некоторые элементы блока только при наведении на него. <br><br>В контексте этой задачи спрашиваю всех участников проекта - как по вашему, какая информация должна отображаться в блоке темы постоянно, какая - при наведении, а какая не нужна вообще? <br><br><span style="font-weight: bold;">Существуют такие варианты:</span><br><ul><li>Имя автора темы</li><li>Название темы</li><li>Фрагмент стартового поста</li><li>Идентификатор сообщения в таблице (временный служебный)</li><li>Имя последнего отпостившего</li><li>Фрагмент последнего поста</li><li>Дата создания/модификации последнего поста</li></ul>-- в данный момент это видно всегда.<br><ul><li>Дата открытия темы/редактирования первого поста</li><li>Количество сообщений</li></ul>-- в данный момент это видно при наведении.<br><br>И еще есть некоторая важная информация, которую хотелось бы видеть:<br><ul><li>Теги</li></ul><br style="font-weight: bold;"><span style="font-weight: bold;">Высушаю все аргументы, так как хочется сделать пользование максимально удобным, но не отягощать интерфейс. Нужно грамотно распорядится что необходимо, что второстепенно, а что не нужно вообще.</span><br>', '2011-04-07 04:21:55', '2011-06-22 22:00:18', 1, NULL, NULL),
(382, 1, 77, 77, '', 'Сообщение 12ф<br>', '2011-04-07 16:32:47', '2011-04-07 16:58:44', 1, NULL, NULL),
(383, 1, 77, 77, '', 'Новое<br>', '2011-04-07 16:40:30', NULL, NULL, NULL, NULL),
(384, 1, 77, 77, '', '<span style="text-decoration: line-through;">ляля</span> фы фыв <br>', '2011-04-07 16:41:47', '2011-04-07 17:11:32', 1, NULL, NULL),
(385, 1, 77, 77, '', '385ыфывфф<br>', '2011-04-07 17:00:13', '2011-04-07 17:14:17', 1, NULL, NULL),
(386, 1, 77, 77, '', 'фывыфвывф<br>', '2011-04-07 17:00:13', '2011-04-07 17:03:36', 1, 1, NULL),
(387, 1, 77, 77, '', 'Да блин, надо писать что-то!<br>', '2011-04-07 17:00:30', '2011-04-07 17:14:12', 1, NULL, NULL),
(388, 1, 77, 77, '', 'Нормальный <span style="text-decoration: line-through;">псто</span><br>', '2011-04-07 17:03:50', '2011-04-07 17:14:05', 1, NULL, NULL),
(389, 1, 76, 76, '', 'аа<br>', '2011-04-07 17:18:28', '2011-04-07 17:29:10', 1, 1, NULL),
(390, 1, 73, 73, '', 'проба<br>', '2011-04-07 17:26:57', '2011-04-07 17:29:00', 1, 1, NULL),
(391, 1, 74, 74, '', 'тест<br>', '2011-04-07 17:28:16', '2011-04-14 11:15:01', 1, 1, NULL),
(392, 1, 48, 48, '', 'Сделал систему индикации непрочитанных сообщений. Пока-что она устанавливает стамп при первом входе в тему, а при последующих входах нужно нажимать сверху кнопку "отметить прочитанными", иначе непрочитанность сохраняется. <br><br>В будущем, само собой, нужно выбрать событие (скорее целую схему зависимых событий) при срабатывании которых тема будет считаться прочитанной.<br><br>Прочтение по ховеру или клику на отдельное сообщение я решил не делать, "прочитанность" накладыватеся одним событием на всю тему целиком, иначе пришлось бы хранить в таблице прочитанность каждого сообщения.<span style="font-style: italic;"></span><br>', '2011-04-07 17:33:24', '2011-05-18 15:38:49', 1, NULL, NULL),
(393, 12, 77, 77, '', 'Оу, официальная флудилка! Круто!! А кто такой Локи, Русакевич дэсу нэ?<br><br>', '2011-04-08 01:15:14', NULL, NULL, NULL, NULL),
(394, 1, 77, 77, '', 'А что за флудилка?<br><br>ЗЫ: он самый))<br>', '2011-04-08 01:18:25', '2011-04-08 01:27:17', 1, NULL, NULL),
(395, 12, 77, 77, '', 'Ну сам сказал пиши что хочешь.....<br><br>Саша, привет!! Мир тесен<br>', '2011-04-08 01:31:25', NULL, NULL, NULL, NULL),
(396, 1, 77, 77, '', 'Это не мир тесен, это я широк (c) Семар :)<br>Только в данном случае широк я))<br>', '2011-04-08 01:32:11', NULL, NULL, NULL, NULL);
INSERT INTO `jawi_messages` (`id`, `author_id`, `parent_id`, `topic_id`, `topic_name`, `message`, `created`, `modified`, `modifier`, `deleted`, `locked`) VALUES
(397, 12, 76, 76, '', 'Кракорук, Ровшан!! Так тут все свои!!! А!!!<br>Да, я обшиблась, это флудилка, а не то, что я приняла за неё<br>', '2011-04-08 01:32:58', NULL, NULL, NULL, NULL),
(398, 1, 76, 76, '', 'Да, флудилка это. А то - техническая тестилка.<br>', '2011-04-08 01:33:39', '2011-04-08 01:33:44', 1, NULL, NULL),
(399, 12, 73, 73, '', 'Первое.<br>Аватары.<br>Абсолютно не видно при регистрации, что там и к чему. Если можно, сделать не сбоку мелким шрифтом, а отдельным пунктом наряду с паролем и логином.<br>Дальше, где видно, что человек в сети?<br>Дальше, кнопка "ответить". Её надо искать. Понятно, что юзеры не идиоты и сами разберутся, а если не разберутся, то не нужны нам такие юзеры. Но всё же лучше, чтобы она была постоянной.<br>И это, как отправить сообщение комбинацией клавиш? Энтер и ктрл энтер не срабатывает.<br>Я чайник, моё мнение можно не принимать во внимание<br>', '2011-04-08 01:38:36', NULL, NULL, NULL, NULL),
(400, 12, 77, 77, '', 'Или я :-Р<br>', '2011-04-08 01:39:50', NULL, NULL, NULL, NULL),
(401, 12, 76, 76, '', 'а, понятно. а где список пользователей?<br>', '2011-04-08 01:40:36', NULL, NULL, NULL, NULL),
(402, 1, 73, 73, '', 'А зачем писать, если можно тебя не принимать во внимание? На самом деле пару новых слов ты сказала. Да, хоткеев мы все ждём :) даже я (в смысле жду того этапа написания программы, когда ими можно будет заняться).<br><br>Насчет аватаров да, ссылку на граватар можно сделать побольше и позаметнее, а заливку собственных я пока отложил. Это далеко не первоочередная задача.<br><br>Индикация сетевого состояния - хорошая идея. На данный момент она тоже не в первой тепени важности, но включить в список работ надо будет.<br><br>По поводу постоянной видимости кнопки ответа... да, возможно. Нужно поискать оптимальное решение.<br>', '2011-04-08 01:42:52', '2011-04-12 12:10:00', 1, NULL, NULL),
(403, 1, 76, 76, '', 'Нету. А зачем? :) Вот ты в гмейле видела когда-нибудь список пользователей?<br>Шучу. Будет, но намного позже.<br>', '2011-04-08 01:43:38', NULL, NULL, NULL, NULL),
(404, 1, 77, 77, '', 'Ну это же я всех сюда пригласил. И вообще-то я эту штуку написал, да ))<br>', '2011-04-08 01:44:04', NULL, NULL, NULL, NULL),
(405, 12, 73, 73, '', 'Я когда-то объясняла почему ко мне можно не прислушиваться. Я очень странное создание с очень странными запросами. А у разработчиков есть своё виденье, как надо. Ну и врождённая скромность и конформизм. <br>И если можно, переместить кнопку ответа в левую сторону, курсор подсознательно тыкается сначала туда.<br>', '2011-04-08 02:00:35', NULL, NULL, NULL, NULL),
(406, 12, 77, 77, '', 'Посмотри на это с другой стороны, я могла быть незнакома с Русакевичем :)<br>', '2011-04-08 02:02:01', NULL, NULL, NULL, NULL),
(407, 12, 77, 77, '', 'Хотя... я незнакома... вообще да, бывает. К Сэмару приезжала девочка вместе со мной, так она знает многих наших, Алису, Шаннара, Умку (хотя кто его не знает)<br>Да, я&nbsp; с ней до этого была незнакома.<br>', '2011-04-08 02:03:07', '2011-04-08 02:05:26', 12, NULL, NULL),
(408, 12, 76, 76, '', 'Смелое сравнение)))))<br><br>На данном этапе это скорее более актуально, потому что не видишь реально сколько человек есть. Или поиска по пользователям тоже можно было сделать. ВК тоже нет списка пользователей. Или есть?<br>', '2011-04-08 02:04:51', NULL, NULL, NULL, NULL),
(409, 1, 76, 76, '', 'Ну поиск по пользователям есть, то есть если искать всех, то фактически есть и список<br>', '2011-04-08 02:06:42', NULL, NULL, NULL, NULL),
(410, 12, 76, 76, '', 'Хорошо, а где он?<br>', '2011-04-08 02:07:18', NULL, NULL, NULL, NULL),
(411, 1, 76, 76, '', 'Кто и где?<br>', '2011-04-08 02:08:26', NULL, NULL, NULL, NULL),
(412, 1, 73, 73, '', 'Ты пиши а мы решим :)<br>', '2011-04-08 02:09:51', NULL, NULL, NULL, NULL),
(413, 1, 77, 77, '', 'Ну уж кого-кого, а всех иногородних ты знать не можешь<br>', '2011-04-08 02:15:28', NULL, NULL, NULL, NULL),
(414, 12, 77, 77, '', 'Она как раз из Киева. Говорю же, приезжала<br>', '2011-04-08 02:29:49', NULL, NULL, NULL, NULL),
(415, 12, 76, 76, '', 'поиск где<br>', '2011-04-08 02:30:38', NULL, NULL, NULL, NULL),
(416, 12, 73, 73, '', '<span style="text-decoration: line-through;">Рисуй рисуй, Паганини</span> <br>я поняла ))<br>', '2011-04-08 02:31:14', NULL, NULL, NULL, NULL),
(417, 12, 73, 73, '', 'Можно тупой вопрос?<br>Картина Малевича "Красный квадрат" в меню только у меня, или у всех так? :)<br>', '2011-04-08 02:36:56', NULL, NULL, NULL, NULL),
(418, 12, 73, 73, '', 'И ещё. В теме пишет, что последнее сообщение твоё, а на самом деле моё. Это так и надо, или нет?<br>', '2011-04-08 02:38:27', '2011-04-08 02:51:11', 12, 1, NULL),
(419, 1, 76, 76, '', 'Я про вконтакт вообще-то говорил<br>', '2011-04-08 10:55:11', NULL, NULL, NULL, NULL),
(420, 1, 73, 73, '', 'Блииииииинн... По всем темам меня уже про этот квадрат раза три спрашивали, поищи :)<br>Это служебный индикатор активности окна. От активности зависит частота автоматических обновлений содержимого<br>', '2011-04-08 10:56:25', NULL, NULL, NULL, NULL),
(421, 12, 76, 76, '', 'а. я про здесь<br>', '2011-04-08 13:47:31', NULL, NULL, NULL, NULL),
(422, 12, 73, 73, '', 'Гомен...-_-"<br>', '2011-04-08 13:56:28', NULL, NULL, NULL, NULL),
(423, 1, 76, 76, '', 'Здесь пока без надобности. ИМХО индикатор онлайновости и то важнее...<br>', '2011-04-08 18:12:12', '2011-04-14 10:56:44', 1, NULL, NULL),
(424, 1, 77, 77, '', '&gt;&nbsp;Алису, Шаннара, Умку (хотя кто его не знает)<br><br>Это как раз всё весьма "широкие" люди :)', '2011-04-08 18:18:36', NULL, NULL, NULL, NULL),
(425, 1, 76, 76, '', 'явавыавыаыаыавыа<br>', '2011-04-11 20:03:10', '2011-04-12 09:33:15', 1, 1, NULL),
(426, 1, 48, 48, '', 'Баг с неправильной визуализацией пофикшен. Прочтение работает, только теперь нужно придумать событие.<br>', '2011-04-12 00:40:43', '2011-05-18 15:36:00', 1, 1, NULL),
(427, 1, 77, 77, '', 'Хотя, кстати, что Алису, что Умку я знаю относительно недавно. Последнего - где-то начиная с танцев на БЖ.', '2011-04-12 09:28:05', NULL, NULL, NULL, NULL),
(428, 1, 73, 73, '', 'Баг непрочитанности: непрочитанным помечается сбственное сообщение.', '2011-04-12 09:34:01', '2011-05-18 15:18:59', 1, 1, NULL),
(429, 1, 48, 48, '', 'Теперь темы по умолчанию сортируются по дате последнего обновления, каковым считается не только написание нового сообщения, но и редактирование любого существущего.<br>', '2011-04-12 11:54:59', '2011-05-18 15:36:40', 1, 1, NULL),
(430, 1, 48, 48, '', 'Добавил троббер на кнопку "отметить прочитанным"<br>', '2011-04-12 12:11:30', '2011-05-18 15:36:46', 1, 1, NULL),
(431, 1, 379, 379, '', 'Непрочитанность готова :) Только слегка допилить, но это можно позже<br>', '2011-04-12 14:59:03', '2011-05-18 14:15:09', 1, 1, NULL),
(432, 1, 379, 379, '', 'цукцкцукц<br>', '2011-04-12 17:04:31', '2011-04-12 17:11:41', 1, 1, NULL),
(433, 1, 77, 77, '', '!!!!!!!!!!!!!!!<br>', '2011-04-12 17:12:02', '2011-04-12 17:12:52', 1, 1, NULL),
(434, 1, 77, 77, '', 'трям<br>', '2011-04-13 17:49:12', '2011-04-13 17:54:12', 1, 1, NULL),
(435, 1, 77, 77, '', 'трям2', '2011-04-13 17:51:47', '2011-04-13 17:54:16', 1, 1, NULL),
(436, 1, 77, 77, '', 'трям<br>', '2011-04-13 17:54:33', '2011-06-22 20:57:27', 1, NULL, NULL),
(437, 1, 77, 77, '', 'ыуффыыфвфф<br>', '2011-04-13 17:57:06', '2011-04-14 08:41:50', 1, 1, NULL),
(438, 1, 76, 76, '', 'вавыаыаы<br>', '2011-04-13 17:58:24', '2011-04-14 08:42:14', 1, 1, NULL),
(439, 1, 76, 76, '', '111111113567<br>', '2011-04-13 18:07:35', '2011-04-14 08:42:11', 1, 1, NULL),
(440, 1, 76, 76, '', 'выапываы<br>', '2011-04-13 18:18:47', '2011-04-13 18:21:03', 1, 1, NULL),
(441, 12, 76, 76, '', 'пустой трёп что-то не особо треплется<br>тему что-ли толкайте<br>давайте поговорим о проблеме недосыпа в информационном обществе :-Р<br>', '2011-04-14 00:44:15', NULL, NULL, NULL, NULL),
(442, 12, 77, 77, '', 'Умку с танцев на БЖ??? Ты уверен, что он там был? (модераториал)<br>', '2011-04-14 00:45:05', '2011-07-09 02:42:02', 1, NULL, NULL),
(443, 12, 379, 379, '', 'как оно работает?<br>', '2011-04-14 00:45:58', NULL, NULL, NULL, NULL),
(444, 1, 77, 77, '', '11 Ну, я первый раз его увидел когда мы оттуда толпой куда-то шли.<br>', '2011-04-14 08:41:29', '2011-06-22 18:31:24', 1, NULL, NULL),
(445, 1, 76, 76, '', 'Трёп ради трёпа не есть хорошо :) Эта тема была создана для проверок движка в основном. Хочешь поговорить о чем-то - открывай тему, поговорим.<br>', '2011-04-14 08:43:07', '2011-04-14 13:07:43', 1, NULL, NULL),
(446, 1, 379, 379, '', 'Ну как бы непрочитанные сообщения отмечаются желтоватым фоном. Нажав на кнопку "отметить прочитанным" ты убираешь непрочитанность для текущей темы.<br>', '2011-04-14 08:49:40', '2011-04-14 13:26:19', 1, NULL, NULL),
(447, 1, 77, 77, '', 'Что-то пишу<br>', '2011-04-14 10:54:42', '2011-04-14 11:53:03', 1, 1, NULL),
(448, 1, 77, 77, '', 'трям<br>', '2011-04-14 11:20:44', '2011-04-14 11:52:59', 1, 1, NULL),
(449, 1, 77, 77, '', 'dsfsfsfs<br>', '2011-04-14 11:51:20', '2011-04-14 11:52:53', 1, 1, NULL),
(450, 1, 76, 76, '', 'dsfasddasfdas<br>', '2011-04-14 11:51:41', '2011-04-14 12:31:56', 1, 1, NULL),
(451, 1, 77, 77, '', 'wwqweqwe<br>', '2011-04-14 11:52:29', '2011-04-14 11:52:49', 1, 1, NULL),
(452, 1, 48, 48, '', 'Включена обновлялка списка тем. Известные баги:<br><br>', '2011-04-14 12:34:32', '2011-05-18 15:40:48', 1, 1, NULL),
(453, 1, 379, 379, '', 'Сделать отметку тем непрочитанными при загрузке<br>', '2011-04-14 12:40:49', '2011-05-18 14:15:16', 1, 1, NULL),
(454, 1, 48, 48, '', 'выаыаы<br>', '2011-04-14 12:44:15', '2011-04-14 12:44:38', 1, 1, NULL),
(455, 1, 76, 76, '', 'тест<br>', '2011-04-14 13:07:55', '2011-04-14 13:08:23', 1, 1, NULL),
(456, 1, 77, 77, '', 'пупвапвп<br>', '2011-04-14 13:15:09', '2011-04-14 13:16:10', 1, 1, NULL),
(457, 1, 77, 77, '', 'цукцкцку<br>', '2011-04-14 13:18:52', '2011-04-14 13:19:19', 1, 1, NULL),
(458, 1, 77, 77, '', 'цукецкуцк<br>', '2011-04-14 13:19:08', '2011-04-14 13:19:16', 1, 1, NULL),
(459, 1, 48, 48, '', 'Предлагаю такое поведение: При удалении любого сообщения в теме обновление блока происходит (обновляется счетчик сообщений и при необходимости последнее сообщение) но блок не поднимается и не помечается непрочитанным.<br>', '2011-04-14 13:22:24', '2011-05-19 10:51:18', 1, 1, NULL),
(460, 1, 77, 77, '', 'цукцкцкц<br>', '2011-04-14 13:25:34', '2011-04-14 13:26:08', 1, 1, NULL),
(461, 1, 48, 48, '', '1. Первый этап написания сервиса завершен. Сервису присвоен номер версии alpha 0.2.<br><br>2. Начат этап уборки мусора и оптимизации кода. В рамках этого процесса временно удалена неиспользуемая колонка "меню", роль индикатора активности окна теперь выполняет цвет названия сервиса (дааааа! долой загадочный красный квадрат из меню! &gt;:) )<br>', '2011-04-19 20:54:39', '2011-05-18 15:37:26', 1, NULL, NULL),
(462, 1, 74, 74, '', 'Кагбе готово :)<br>', '2011-04-19 21:02:34', NULL, NULL, NULL, NULL),
(463, 1, 73, 73, '', '<span style="text-decoration: line-through;">Еще баг автообновления списка тем: если отредактировано было первое сообщение темы, при загрузке его дата не забивается в maxTopicDate и по ней не происходит сортировка, вследствие чего первым же автоапдейтом данная тема прыгает вверх.</span><br><br>ИСПРАВЛЕНО<br>', '2011-04-21 16:35:22', '2011-05-18 15:18:51', 1, 1, NULL),
(464, 1, 48, 48, '', 'Начал прикручивать движок скинов и перерабатывать CSS. На данный момент на небольших экранах включена экономия места за счет убирания лишних промежутков.<br>', '2011-04-21 19:36:58', NULL, NULL, NULL, NULL),
(465, 14, 76, 76, '', '16', '2011-04-26 09:38:50', NULL, NULL, NULL, NULL),
(466, 14, 76, 76, '', 'В чем прикол я написал сообщение а появилось "16"?<div><br></div>', '2011-04-26 09:39:35', '2011-04-26 09:40:02', 14, NULL, NULL),
(467, 1, 76, 76, '', 'А что ты писал?<br>', '2011-04-26 09:45:06', NULL, NULL, NULL, NULL),
(468, 14, 76, 76, '', 'Я и забыл уже =) вроде хотел спросить как аватарку менять..<div><br></div>', '2011-04-26 14:29:49', '2011-04-26 14:30:58', 14, NULL, NULL),
(469, 1, 76, 76, '', 'Сейчас всё должно работать. То что ты наблюдал вероятно было следствием неполного аплоада скрипта после очередного редактирования.<br><br><div>А аватарка прописывается на gravatar.com и привязывается к мылу, на которое ты тут регался.</div>', '2011-04-26 15:56:13', '2011-04-26 17:14:33', 1, NULL, NULL),
(470, 1, 48, 48, '', 'Немного подрихтовал механизм редактирования заголовка темы<br>', '2011-04-27 01:17:14', '2011-05-18 15:40:03', 1, 1, NULL),
(471, 1, 0, 0, 'Планы: ближайшие', '1. Исправить: Автообновление списка тем не учитывает создание новой темы, удаления существующей.<div><br></div><div>2. Не проработана ситуация, когда кем-либо другим удаляется тема, загруженная пользователем в данный момент.</div><div><br></div><div>3. Темы не отмечаются непрочитанными при первичной загрузке.</div>', '2011-05-18 14:13:17', '2011-05-18 14:13:31', 1, 1, NULL),
(472, 1, 0, 0, 'Ближайшие планы<br>', '<div><b>Исправить:</b></div><div>1. Авто-обновление списка тем не учитывает создание новой темы, удаления существующей.</div><div><br></div><div>2. Не проработана ситуация, когда кем-либо другим удаляется тема, загруженная пользователем в данный момент.</div><div><br></div><div>3. Темы не отмечаются непрочитанными при первичной загрузке.</div><div><br></div><div>4. Поломался механизм создания темы (в базу отправляется, но ИФ не реагирует)</div><div><br></div><div>5. Только что удаленное сообщение вылазит в качестве нового</div><div><br></div><div>6. Непрочитанным отображается собственноручно&nbsp;отредактированное, или добавленное сообщение.</div><div><br></div><div>7. Непредсказуемые глюки в системе непрочитанности: непрочитанными отображаются давно прочитанные сообщения.</div><div><br></div><div>8. Двойной клик по сообщению пытается редактировать его даже когда режим редактирования уже запущен. (убрать событие)<br><br>9. Иногда исчезает кнопка изменения названия темы<br><br>10. Темы не обновляются в случае удаления сообщений, вследствие этого в \nслучае удаления последнего сообщения тема также не обновляется.<br><br><span style="font-weight: bold;">11. Прокрутка темы до последнего сообщения нужна только если человек уже читал эту тему хотя бы один раз!</span> (а это уже отслеживается ведь!)<br></div>', '2011-05-18 14:13:23', '2011-05-19 10:57:22', 1, NULL, NULL),
(473, 1, 0, 0, 'Долгосрочные планы', '1. Система обозначения онлайн-оффлайн пользователя. Напрашивается решение при помощи динамических классов.<br><br>2. Выделение "активного" сообщения при клике на него. Обеспечить \nодновременное выделение только одного сообщения (или же стандартной \nсхемы с ctrl, shift). Выделять сообщение при переходе по ссылке на него.<br><br>3. Сделать возможность ссылаться на определенное место в тексте. В идеале \nскрипт запоминает и кодирует определенное количество символов начиная от\n точки начала выделения, а затем при передаче ссылки ищет эту комбинацию\n в тексте, создает возле нее временный динамический якорь и прокручивает\n просмотр к нему.<br><br>4. Продумать запоминание текущего места чтения темы пользователем - только \nдля него. Также продумать сочетание работы этого механизма с загрузкой \nвыделенного сообщения из хеша адресной строки<br><br>5. Сделать обработку горячих клавиш. Скорее всего придется делать общий "слушатель" клавиш и в нем писать все возможные варианты.<br><br>6. всплывающие подсказки в меню форматирования текста<br><br>7. сигнал о полученном сообщении(звуковой или графический)<br><br>8. Доделать аватары<br><br>9. сделать для активного поля какую-нибудь очевидную индикацию. А то, \nнапример, в новом файрфоксе активное поле никак не выделяется ', '2011-05-18 15:19:27', '2011-05-18 15:27:11', 1, NULL, NULL),
(474, 1, 0, 0, 'Вопрос: что делать с обновлением тем при удалении одного из сообщений', 'Предлагаю такое поведение: При удалении любого сообщения в теме обновление блока происходит (обновляется счетчик сообщений и при необходимости последнее сообщение) но блок не поднимается и не помечается непрочитанным.', '2011-05-18 16:19:43', NULL, NULL, NULL, NULL),
(475, 1, 472, 472, '', 'бздык<br>', '2011-05-19 10:58:19', NULL, NULL, NULL, NULL),
(476, 15, 472, 472, '', 'ололо<br><br>', '2011-05-19 10:59:09', NULL, NULL, NULL, NULL),
(477, 1, 472, 472, '', ':)<br>', '2011-05-19 10:59:24', NULL, NULL, NULL, NULL),
(478, 15, 76, 76, '', 'testing<br>', '2011-05-19 11:22:36', NULL, NULL, NULL, NULL),
(479, 1, 74, 74, NULL, 'трам<br>', '2011-06-15 01:58:18', '2011-06-16 15:57:10', 1, 1, NULL),
(480, 1, 74, 74, NULL, '111<br>', '2011-06-15 02:55:59', '2011-06-16 15:55:23', 1, 1, NULL),
(481, 1, 74, 74, NULL, 'ну и что это?<br>', '2011-06-15 02:58:18', '2011-06-16 15:52:35', 1, 1, NULL),
(482, 1, 74, 74, NULL, 'fdsfsf<br>', '2011-06-15 03:02:03', '2011-06-16 15:50:08', 1, 1, NULL),
(483, 1, 74, 74, NULL, 'дада. работаем.<br>', '2011-06-15 03:02:18', '2011-06-15 03:03:51', 1, 1, NULL),
(484, 1, 77, 77, NULL, 'sfsdfsfsfs<br>', '2011-06-16 16:00:40', '2011-06-16 16:00:49', 1, 1, NULL),
(485, 1, 76, 76, NULL, 'sfsdfsf<br>', '2011-06-16 17:17:44', '2011-07-14 16:59:31', 1, 1, NULL),
(486, 1, 77, 77, NULL, '111111<br>', '2011-06-16 17:26:11', '2011-06-22 16:27:12', 1, 1, NULL),
(487, 1, 77, 77, NULL, 'dfsfs<br>', '2011-06-16 17:29:52', '2011-06-16 17:30:46', 1, 1, NULL),
(488, 1, 77, 77, NULL, 'dfgdfd<br>', '2011-06-16 17:32:54', '2011-06-16 17:33:00', 1, 1, NULL),
(489, 1, 76, 76, NULL, '111111111111<br>', '2011-06-16 18:05:47', '2011-06-16 18:05:58', 1, 1, NULL),
(490, 1, 76, 76, NULL, 'ывавыаываыаыаы<br>', '2011-06-16 18:06:09', '2011-06-16 18:06:15', 1, 1, NULL),
(491, 1, 76, 76, NULL, 'новый ответ в теме<br>', '2011-06-22 20:57:17', '2011-07-14 16:59:28', 1, 1, NULL),
(492, 1, 77, 77, NULL, 'тест<br>', '2011-07-06 15:02:11', '2011-07-09 01:15:23', 1, 1, NULL),
(493, 1, 77, 77, NULL, 'Привет<br>', '2011-07-06 15:09:11', '2011-07-09 01:17:30', 1, 1, NULL),
(494, 1, 77, 77, NULL, 'zzzzzzzzzzzzzzzzz<br>', '2011-07-09 01:55:07', '2011-07-09 02:00:46', 1, 1, NULL),
(495, 1, 77, 77, NULL, 'buzz<br>', '2011-07-09 02:06:49', '2011-07-14 16:54:48', 1, 1, NULL),
(496, 1, 76, 76, NULL, 'третретреп<br>', '2011-07-09 03:12:55', '2011-07-14 16:59:24', 1, 1, NULL),
(497, 1, 77, 77, NULL, 'тралялял<br>', '2011-07-09 03:47:15', '2011-07-14 16:54:45', 1, 1, NULL),
(498, 1, 77, 77, NULL, 'трала<br>', '2011-07-13 02:12:58', '2011-07-14 16:54:40', 1, 1, NULL),
(499, 1, 77, 77, NULL, '111111', '2011-07-13 02:13:54', '2011-07-14 16:54:54', 1, 1, NULL),
(500, 1, 77, 77, NULL, 'sdfsfsfdsf', '2011-07-13 02:21:58', '2011-07-14 16:59:39', 1, 1, NULL),
(501, 1, 76, 76, NULL, 'пампам', '2011-07-13 03:16:10', '2011-07-14 16:59:22', 1, 1, NULL),
(502, 1, 0, 0, 'Тема', 'Сообщение<br>', '2011-07-13 03:17:18', '2011-07-13 03:17:55', 1, 1, NULL),
(503, 1, 0, 0, 'татйлтвф,ldnsa', 'dadasda', '2011-07-13 03:18:14', '2011-07-14 11:14:27', 1, 1, NULL),
(504, 1, 503, 503, NULL, 'Привет', '2011-07-14 10:28:45', '2011-07-14 10:35:10', NULL, NULL, NULL),
(505, 1, 0, 0, 'Тема', 'Трампам', '2011-07-14 12:51:47', '2011-07-14 13:12:00', 1, 1, NULL),
(506, 1, 0, 0, 'Новая тема 2', 'сообщение', '2011-07-14 12:57:26', '2011-07-14 13:13:27', 1, 1, NULL),
(507, 1, 0, 0, 'Новая тема 3', 'сообщение', '2011-07-14 13:02:46', '2011-07-14 13:14:01', 1, 1, NULL),
(508, 1, 0, 0, 'Тема', 'два!', '2011-07-14 16:41:52', '2011-07-14 16:51:31', 1, 1, NULL),
(509, 1, 0, 0, 'Тема три!', 'лалала', '2011-07-14 16:49:34', '2011-07-14 16:52:16', 1, 1, NULL),
(510, 1, 508, 508, '', 'сообщение в тему', '2011-07-14 16:51:13', NULL, NULL, NULL, NULL),
(511, 1, 509, 509, '', 'Сообщение, блин!', '2011-07-14 16:51:23', '2011-07-14 16:52:12', 1, 1, NULL);

-- --------------------------------------------------------

--
-- Структура таблицы `jawi_unread`
--

DROP TABLE IF EXISTS `jawi_unread`;
CREATE TABLE IF NOT EXISTS `jawi_unread` (
  `id` bigint(20) unsigned NOT NULL AUTO_INCREMENT,
  `user` int(10) unsigned NOT NULL,
  `topic` bigint(20) unsigned NOT NULL,
  `timestamp` timestamp NOT NULL DEFAULT '0000-00-00 00:00:00',
  PRIMARY KEY (`id`),
  KEY `unr_topic` (`topic`),
  KEY `unr_user` (`user`)
) ENGINE=InnoDB  DEFAULT CHARSET=utf8 AUTO_INCREMENT=64 ;

--
-- Дамп данных таблицы `jawi_unread`
--

INSERT INTO `jawi_unread` (`id`, `user`, `topic`, `timestamp`) VALUES
(1, 1, 77, '2011-07-14 16:58:16'),
(2, 1, 76, '2011-07-14 11:14:13'),
(3, 1, 379, '2011-05-02 15:47:10'),
(4, 1, 73, '2011-05-18 15:51:41'),
(5, 1, 74, '2011-04-19 21:05:57'),
(6, 1, 48, '2011-05-18 15:40:52'),
(7, 1, 381, '2011-07-09 01:59:11'),
(8, 12, 77, '2011-04-08 02:35:45'),
(9, 12, 76, '2011-04-08 13:57:05'),
(10, 12, 73, '2011-04-14 00:46:43'),
(11, 12, 48, '2011-04-14 00:46:30'),
(12, 12, 379, '2011-04-08 02:09:28'),
(13, 4, 381, '2011-04-25 01:06:40'),
(14, 4, 379, '2011-04-25 01:06:07'),
(15, 12, 381, '2011-04-08 02:30:03'),
(16, 1, 0, '2011-04-08 10:31:36'),
(17, 12, 74, '2011-04-13 20:11:07'),
(18, 4, 48, '2011-05-19 10:42:54'),
(19, 4, 73, '2011-05-02 15:41:01'),
(20, 4, 74, '2011-04-25 01:06:02'),
(21, 4, 76, '2011-05-02 15:40:46'),
(22, 4, 77, '2011-04-25 01:06:14'),
(23, 14, 77, '2011-04-26 09:29:12'),
(24, 14, 74, '2011-04-26 09:36:34'),
(25, 14, 76, '2011-04-26 09:36:51'),
(26, 14, 48, '2011-04-26 09:43:19'),
(27, 14, 379, '2011-04-26 14:31:31'),
(28, 14, 381, '2011-04-26 14:34:52'),
(29, 14, 73, '2011-04-27 11:29:17'),
(30, 7, 73, '2011-05-01 18:07:02'),
(31, 1, 475, '2011-05-12 09:55:37'),
(32, 1, 471, '2011-05-18 14:13:28'),
(33, 1, 472, '2011-05-19 16:11:13'),
(34, 1, 473, '2011-05-18 15:41:41'),
(35, 1, 474, '2011-05-18 16:20:19'),
(36, 4, 474, '2011-05-19 10:36:33'),
(37, 4, 472, '2011-05-19 10:36:34'),
(38, 4, 473, '2011-05-19 10:37:05'),
(39, 15, 474, '2011-05-19 10:56:05'),
(40, 15, 48, '2011-05-19 10:56:10'),
(41, 15, 473, '2011-05-19 10:57:12'),
(42, 15, 76, '2011-05-19 10:57:20'),
(43, 15, 472, '2011-05-19 11:01:01'),
(44, 15, 73, '2011-05-19 11:06:15'),
(45, 7, 474, '2011-05-30 13:57:23'),
(46, 7, 473, '2011-05-30 13:59:36'),
(47, 7, 76, '2011-05-30 14:00:23'),
(48, 7, 472, '2011-05-30 14:08:22'),
(49, 16, 74, '2011-06-05 22:30:29'),
(50, 16, 473, '2011-06-05 22:30:45'),
(51, 16, 76, '2011-06-05 22:32:32'),
(52, 16, 472, '2011-06-05 22:33:55'),
(53, 16, 48, '2011-06-06 08:06:20'),
(54, 16, 73, '2011-06-06 13:01:50'),
(55, 16, 474, '2011-06-06 13:02:42'),
(56, 16, 77, '2011-06-06 13:02:55'),
(57, 1, 502, '2011-07-13 03:17:40'),
(58, 1, 503, '2011-07-14 11:14:10'),
(59, 1, 505, '2011-07-14 13:02:16'),
(60, 1, 506, '2011-07-14 13:02:19'),
(61, 1, 507, '2011-07-14 13:13:58'),
(62, 1, 508, '2011-07-14 16:49:22'),
(63, 1, 509, '2011-07-14 16:49:34');

-- --------------------------------------------------------

--
-- Структура таблицы `jawi_users`
--

DROP TABLE IF EXISTS `jawi_users`;
CREATE TABLE IF NOT EXISTS `jawi_users` (
  `id` int(10) unsigned NOT NULL AUTO_INCREMENT,
  `login` varchar(16) CHARACTER SET latin1 COLLATE latin1_general_ci NOT NULL,
  `email` varchar(128) CHARACTER SET latin1 COLLATE latin1_general_ci NOT NULL,
  `hash` varchar(128) CHARACTER SET latin1 COLLATE latin1_general_ci NOT NULL,
  `reg_date` datetime NOT NULL DEFAULT '0000-00-00 00:00:00',
  `approved` tinyint(1) unsigned DEFAULT NULL,
  PRIMARY KEY (`id`),
  UNIQUE KEY `usr_email` (`email`)
) ENGINE=InnoDB  DEFAULT CHARSET=utf8 AUTO_INCREMENT=17 ;

--
-- Дамп данных таблицы `jawi_users`
--

INSERT INTO `jawi_users` (`id`, `login`, `email`, `hash`, `reg_date`, `approved`) VALUES
(1, 'lerayne', 'lerayne@gmail.com', '062ac7c968833af0f79b2ff4a9de644e', '2010-03-12 15:48:00', 1),
(4, 'takeda', 'kai.takeda@gmail.com', 'd8578edf8458ce06fbc5bb76a58c5ca4', '2011-04-01 03:15:36', 1),
(6, 'Krakoruk', 'krakoruk@gmail.com', 'b224059e00fb0650bbda0c4ad7c40f3d', '2011-04-01 11:04:25', 1),
(7, 'Julia', 'tanima.yuri@gmail.com', '2c2e92b215948e3b46925804f6007b8a', '2011-04-04 00:00:34', 1),
(8, 'test', 'kai.takeda@yahoo.com', 'd8578edf8458ce06fbc5bb76a58c5ca4', '2011-04-04 18:34:10', NULL),
(9, 'kettel', 'kettel@yandex.ru', '9e61763dd126a5f3b9ef276504025b95', '2011-04-04 18:34:53', 1),
(10, 'karterfree', 'karterfree@gmail.com', 'a152e841783914146e4bcd4f39100686', '2011-04-05 12:01:07', 1),
(11, 'lokkie', 'lokkie@wwegroup.info', '57d4bd5a9f7f4a988e77a1c49f8baa17', '2011-04-05 16:28:09', 1),
(12, 'Integra', 'juliav20@gmail.com', 'adb00236071c05878eaeec5b3b96103d', '2011-04-08 01:11:14', 1),
(13, 'kastaneda', 'kastaneda@gmail.com', '3fc0a7acf087f549ac2b266baf94b8b1', '2011-04-12 11:12:57', 1),
(14, 'guayard', 'guayard@gmail.com', '228822ea0c419772c37c6bf563fe24c4', '2011-04-26 09:24:15', 1),
(15, 'naso', 'asya_pustota@inbox.ru', '1d86924a6a0dcbfb731ea41460c76424', '2011-05-19 10:55:03', 1),
(16, 'leon', 'dinoel.zik@gmail.com', '2811f88baed57b2a403dfb5bc2e1e80a', '2011-06-05 22:28:39', 1);

-- --------------------------------------------------------

--
-- Структура таблицы `jawi_user_settings`
--

DROP TABLE IF EXISTS `jawi_user_settings`;
CREATE TABLE IF NOT EXISTS `jawi_user_settings` (
  `user_id` int(10) unsigned NOT NULL,
  `use_gravatar` tinyint(1) unsigned NOT NULL DEFAULT '1',
  KEY `user_id` (`user_id`)
) ENGINE=InnoDB DEFAULT CHARSET=utf8;

--
-- Дамп данных таблицы `jawi_user_settings`
--

INSERT INTO `jawi_user_settings` (`user_id`, `use_gravatar`) VALUES
(1, 1),
(4, 1),
(4, 1),
(4, 1),
(4, 1),
(6, 1),
(7, 1),
(9, 1),
(10, 1),
(11, 1),
(12, 1),
(13, 1),
(14, 1),
(15, 1),
(16, 1);
