-- phpMyAdmin SQL Dump
-- version 3.5.3
-- http://www.phpmyadmin.net
--
-- Хост: localhost
-- Время создания: Дек 23 2013 г., 00:43
-- Версия сервера: 5.5.27
-- Версия PHP: 5.3.16

SET SQL_MODE="NO_AUTO_VALUE_ON_ZERO";
SET time_zone = "+00:00";


/*!40101 SET @OLD_CHARACTER_SET_CLIENT=@@CHARACTER_SET_CLIENT */;
/*!40101 SET @OLD_CHARACTER_SET_RESULTS=@@CHARACTER_SET_RESULTS */;
/*!40101 SET @OLD_COLLATION_CONNECTION=@@COLLATION_CONNECTION */;
/*!40101 SET NAMES utf8 */;

--
-- База данных: `tinng`
--

-- --------------------------------------------------------

--
-- Структура таблицы `jawi_messages`
--

CREATE TABLE IF NOT EXISTS `jawi_messages` (
  `id` bigint(20) unsigned NOT NULL AUTO_INCREMENT,
  `author_id` int(10) unsigned NOT NULL,
  `parent_id` bigint(20) unsigned DEFAULT NULL,
  `topic_id` bigint(20) unsigned DEFAULT NULL,
  `topic_name` varchar(255) DEFAULT NULL,
  `message` text NOT NULL,
  `created` datetime NOT NULL DEFAULT '0000-00-00 00:00:00',
  `modified` timestamp NULL DEFAULT NULL,
  `modifier` int(10) unsigned DEFAULT NULL,
  `deleted` tinyint(1) unsigned DEFAULT NULL,
  `locked` tinyint(1) unsigned DEFAULT NULL,
  PRIMARY KEY (`id`),
  KEY `msg_parent` (`parent_id`),
  KEY `msg_author` (`author_id`),
  KEY `msg_topic_id` (`topic_id`)
) ENGINE=InnoDB  DEFAULT CHARSET=utf8 AUTO_INCREMENT=532 ;

--
-- Дамп данных таблицы `jawi_messages`
--

INSERT INTO `jawi_messages` (`id`, `author_id`, `parent_id`, `topic_id`, `topic_name`, `message`, `created`, `modified`, `modifier`, `deleted`, `locked`) VALUES
(48, 1, 0, 0, 'Обновления', 'Тут я буду писать все существенные обновления движка. Время от времени они будут удаляться и переезжать сюда - в заглавный пост.<br><br>1. Заработало удаление единичных сообщений. Групповое удаление скорее всего будет реализовано с полной перезагрузкой темы<br><br>2. Заработало редактирование сообщений<br><br>3. Некоторые параметры теперь запоминаются в куках:<br><div style="margin-left: 40px;">• Ширина колонок и их свернутость<br>• Состояние панели отладки<br><br></div>4. Текущая тема загружается из хеша строки запроса (то что после #). Таким образом можно давать ссылки на темы. Точно так же с постом (для формирования ссылки на него нужно кликнуть), при этом происходит прокрутка до поста.<br><br>5. Сообщение можно редактировать двойным кликом на нём<br><br>6. Реализовал поддержку граватаров и место для аватаров вообще. Аватары в \nсистеме используются размером 48*48 пикселей, но в профиле пользователя \nможно будет увидеть полный размер (100*100 скорее всего)<br><br>7. Сделал авто-обновление.<br><br>8. Теперь можно стартовать и удалять темы.<br><br>9. Сделал немного более правильным поведение формы ответа. Теперь она перед\n отправкой проверяет не появилось ли новых сообщений, не изменились ли \nсуществующие.<br><br>10. темы по умолчанию сортируются по \nдате последнего обновления, каковым считается не только написание нового\n сообщения, но и редактирование любого существущего.<br><br>11. Вывод аякс-бекенда теперь кодируется в gzip, чем уменьшает объем \nпередаваемых данных иногда на порядок. Как минимум в 5 раз - точно.<br><br>12. на небольших экранах включена экономия места за счет убирания лишних промежутков.', '2010-03-24 15:59:00', '2011-05-18 12:39:14', 1, NULL, NULL),
(73, 1, 0, 0, 'Книга жалоб и предубеждений :)<br>', 'Основное обсуждение работы сервиса<br>', '2010-03-26 00:16:58', '2011-05-18 12:28:26', 1, NULL, NULL),
(74, 1, 0, 0, 'Тест ветвления (пока приостановлен)<br>', 'Решили пока-что сделать чтоб работало по прямой<br>', '2010-03-26 00:31:52', '2011-04-01 07:28:53', 1, NULL, NULL),
(76, 1, 0, 0, 'Тема для пустого трепа', 'Тут можно пообщаться, наверное :) ....<br>', '2010-03-26 00:36:39', '2011-07-18 15:20:43', 1, NULL, NULL),
(77, 1, 0, 0, 'Тест длинных тем. Пишем любые сообщения', 'Сообщение 5. Та дам! (Заглавное)<br>', '2010-03-26 00:38:45', '2011-04-14 07:55:45', 1, NULL, NULL),
(78, 1, 77, 77, '', 'Сообщение, однако :)', '2010-04-06 11:00:36', NULL, NULL, NULL, NULL),
(79, 1, 78, 78, '', 'dfgd', '2010-04-06 11:00:52', NULL, NULL, NULL, NULL),
(80, 1, 77, 77, '', 'Новая месага!', '2011-03-04 18:21:41', NULL, NULL, NULL, NULL),
(81, 1, 77, 77, '', 'Еще одна!', '2011-03-04 18:24:39', NULL, NULL, NULL, NULL),
(82, 1, 77, 77, '', 'Ну вот, теперь можно уже более-менее осмысленные вещи делать :)', '2011-03-04 18:25:08', NULL, NULL, NULL, NULL),
(83, 1, 77, 77, '', 'Глянь как можно :)', '2011-03-04 18:29:30', NULL, NULL, NULL, NULL),
(85, 1, 77, 77, '', 'Чёто он был пустой    ', '2011-03-04 18:33:32', '2011-03-17 07:56:08', 1, NULL, NULL),
(86, 1, 77, 77, '', 'во-от!', '2011-03-04 18:34:08', NULL, NULL, NULL, NULL),
(87, 1, 77, 77, '', 'только ж не сообщение № такой-то, а тема №...', '2011-03-04 18:47:14', NULL, NULL, NULL, NULL),
(88, 1, 77, 77, '', 'Это старые названия, тогда тем еще не было, а сообщения от них остались :)', '2011-03-04 18:48:46', NULL, NULL, NULL, NULL),
(89, 1, 77, 77, '', 'Еще парочка сообщений в этой теме и будет достаточно :)', '2011-03-05 00:28:15', NULL, NULL, NULL, NULL),
(90, 1, 77, 77, '', 'Например я когда с ноута пишу, у меня уже прокрутка появляется :)', '2011-03-05 00:28:51', NULL, NULL, NULL, NULL),
(91, 1, 77, 77, '', 'Проба троббера', '2011-03-05 00:33:32', NULL, NULL, NULL, NULL),
(92, 1, 77, 77, '', 'НЕ получается троббер', '2011-03-05 00:33:45', NULL, NULL, NULL, NULL),
(93, 1, 77, 77, '', 'Слишком быстро отрабатывает. Надо искуственно замедлить.\n', '2011-03-05 00:35:13', NULL, NULL, NULL, NULL),
(94, 1, 77, 77, '', 'Попробуем так:\n', '2011-03-05 00:37:05', NULL, NULL, NULL, NULL),
(95, 1, 77, 77, '', 'Текст с задержкой', '2011-03-05 00:39:25', NULL, NULL, NULL, NULL),
(96, 1, 77, 77, '', 'Ещё раз', '2011-03-05 00:40:01', NULL, NULL, NULL, NULL),
(97, 1, 77, 77, '', 'Еще раз', '2011-03-05 00:42:09', NULL, NULL, NULL, NULL),
(98, 1, 77, 77, '', 'И еще разочек', '2011-03-05 00:43:06', NULL, NULL, NULL, NULL),
(99, 1, 77, 77, '', 'Как вам такой вариант ?', '2011-03-05 00:43:34', NULL, NULL, NULL, NULL),
(100, 1, 77, 77, '', 'Пост номер 100, к которому скроллимся<br>', '2011-03-05 01:01:55', '2011-03-17 07:34:21', 1, NULL, NULL),
(101, 1, 77, 77, '', 'ну ну ', '2011-03-05 01:02:18', NULL, NULL, NULL, NULL),
(102, 1, 77, 77, '', 'Это уже ближе к делу', '2011-03-05 01:03:04', NULL, NULL, NULL, NULL),
(110, 1, 77, 77, '', 'Почему не работают хоткеи в хроме?', '2011-03-05 03:32:45', NULL, NULL, NULL, NULL),
(114, 1, 74, 74, '', 'Очень удобный, а главное быстрый визивиг, кстати. :)<br><br>', '2011-03-05 04:10:40', NULL, NULL, NULL, NULL),
(119, 1, 77, 77, '', 'Наилучшим образом всё устроил :)<br>', '2011-03-05 04:53:05', NULL, NULL, NULL, NULL),
(120, 1, 74, 74, '', 'Ога, поддерживаю :) ^)<br>', '2011-03-05 12:24:18', '2011-03-18 17:30:23', 1, NULL, NULL),
(121, 1, 77, 77, '', 'Но хоткеи в хроме таки надо починить<br>', '2011-03-05 12:45:52', NULL, NULL, NULL, NULL),
(122, 1, 77, 77, '', 'Охохо! Март 2010!..<br>', '2011-03-06 15:32:41', '2011-03-26 00:14:04', 1, NULL, NULL),
(123, 1, 77, 77, '', 'Только <br>', '2011-03-06 15:32:53', NULL, NULL, NULL, NULL),
(124, 1, 77, 77, '', 'Это кто? Подпишись, пока я регистрацию не сделал :)<br>', '2011-03-08 01:39:27', '2011-03-26 00:13:35', 1, 1, NULL),
(125, 1, 77, 77, '', 'Блин! Март! Это же год назад.. <br>Типа весной и осенью - обострения :) у програмеров<br>', '2011-03-08 01:40:16', NULL, NULL, NULL, NULL),
(135, 1, 74, 74, '', 'Пока отсчитывается 20 секунд, мы тут отправим пост<br>', '2011-03-08 03:01:31', NULL, NULL, NULL, NULL),
(136, 1, 74, 74, '', 'Ну вот я типа пишу новый пост. Отслеживаю изменения.<br>', '2011-03-08 03:16:57', NULL, NULL, NULL, NULL),
(137, 1, 74, 74, '', 'Пока получается :)<br>', '2011-03-08 03:21:26', NULL, NULL, NULL, NULL),
(138, 1, 74, 74, '', 'ЭЙ! Я же написал новый пост. Почему следилка не реагирует?<br>', '2011-03-08 03:22:17', '2011-03-23 21:03:12', 1, NULL, NULL),
(139, 1, 74, 74, '', 'угнать за 30 сек<br>', '2011-03-08 03:23:41', NULL, NULL, NULL, NULL),
(144, 1, 77, 77, '', 'Новое<br>', '2011-03-10 17:08:18', NULL, NULL, NULL, NULL),
(145, 1, 48, 48, '', 'Заработало удаление единичных сообщений. Групповое удаление скорее всего будет реализовано с полной перезагрузкой темы<br>', '2011-03-11 13:23:46', '2011-05-18 12:32:08', 1, 1, NULL),
(147, 1, 48, 48, '', 'Заработало редактирование сообщений<br>', '2011-03-11 14:25:05', '2011-05-18 12:32:11', 1, 1, NULL),
(149, 1, 77, 77, '', 'а тут ещё кто-то, кроме нас, пишет? Интерееесно :)<br>', '2011-03-11 20:47:51', NULL, NULL, NULL, NULL),
(152, 1, 77, 77, '', '<div>Donec libero massa, gravida in pretium a, interdum quis sem. In vulputate gravida turpis, gravida malesuada ligula venenatis nec. Vestibulum vel facilisis lectus. Suspendisse a erat vel mi ullamcorper tempor. Fusce vitae eros odio, a fringilla velit. Sed eu sapien nec leo bibendum egestas. Aenean ornare nisl sed nibh suscipit mattis. Ut sed adipiscing neque. Vestibulum consequat sem vitae velit fringilla ullamcorper. Proin vitae est fringilla turpis ultricies tristique a nec ipsum.</div><div><br></div><div>Sed vel magna sit amet lorem consequat tincidunt. Praesent vel tellus sem. In imperdiet, neque pulvinar ornare scelerisque, tortor dolor pellentesque enim, ut aliquet turpis sem id orci. Cras orci velit, rutrum ac tincidunt eget, gravida a eros. Suspendisse vestibulum ante in quam interdum sodales. Ut consectetur ornare sapien, sed gravida est mollis at. Sed eu orci sem. Nullam tempor magna non velit aliquet sed auctor lacus venenatis. Phasellus interdum semper arcu, at congue sapien hendrerit non. Morbi varius tristique lobortis. Morbi quis eros lorem. Nullam ut nisi est.</div><div><br></div><div style="font-weight: bold;">Сгенерировано 15 абзацев, 1859 слов, 12487 байтов Lorem Ipsum</div>', '2011-03-13 16:41:29', '2011-03-19 18:41:19', 1, NULL, NULL),
(193, 1, 48, 48, '', 'Некоторые параметры теперь запоминаются в куках:<br><ul><li>Ширина колонок и их свернутость</li><li style="text-decoration: line-through;">Текущая загруженная тема</li><li>Состояние панели отладки</li></ul>', '2011-03-16 14:48:33', '2011-05-18 12:32:15', 1, 1, NULL),
(194, 1, 48, 48, '', 'Текущая тема загружается не из куки, а из хеша строки запроса (то что после #)<br>Таким образом можно давать ссылки на темы.<br>', '2011-03-16 19:26:38', '2011-05-18 12:32:22', 1, 1, NULL),
(196, 1, 48, 48, '', 'По клику на сообщение формируется ссылка на него в адресной строке. Переход по ссылке работает.<br>', '2011-03-17 10:19:11', '2011-05-18 12:32:26', 1, 1, NULL),
(197, 1, 73, 73, '', 'Выделение "активного" сообщения при клике на него. Обеспечить одновременное выделение только одного сообщения (или же стандартной схемы с ctrl, shift). Выделять сообщение при переходе по ссылке на него.<br>', '2011-03-17 10:20:56', '2011-05-18 12:23:55', 1, 1, NULL),
(198, 1, 73, 73, '', 'Сделать возможность ссылаться на определенное место в тексте. В идеале скрипт запоминает и кодирует определенное количество символов начиная от точки начала выделения, а затем при передаче ссылки ищет эту комбинацию в тексте, создает возле нее временный динамический якорь и прокручивает просмотр к нему.<br>', '2011-03-17 10:24:55', '2011-05-18 12:24:03', 1, 1, NULL),
(199, 1, 73, 73, '', 'Продумать запоминание текущего места чтения темы пользователем - только для него. Также продумать сочетание работы этого механизма с загрузкой выделенного сообщения из хеша адресной строки<br>', '2011-03-17 10:40:46', '2011-05-18 12:24:09', 1, 1, NULL),
(200, 1, 48, 48, '', 'Сообщение можно редактировать двойным кликом на нём<br>', '2011-03-17 10:42:09', '2011-05-18 12:33:30', 1, 1, NULL),
(201, 1, 73, 73, '', 'Сделать обработку горячих клавиш. Скорее всего придется делать общий "слушатель" клавиш и в нем писать все возможные варианты.<br>', '2011-03-17 10:42:26', '2011-05-18 12:24:13', 1, 1, NULL),
(202, 1, 73, 73, '', '<span style="font-weight: bold;"></span><span style="text-decoration: line-through;">Сделать наконец механизм регистрации и авторизации, а также автообновлялку, чтобы можно было общаться здесь с другими людьми хотя-бы в линию.</span><br><br>СДЕЛАНО<br>', '2011-03-17 10:44:52', '2011-05-18 12:24:17', 1, 1, NULL),
(203, 1, 48, 48, '', 'Реализовал поддержку граватаров и место для аватаров вообще. Аватары в системе используются размером 48*48 пикселей, но в профиле пользователя можно будет увидеть полный размер (100*100 скорее всего)<br>', '2011-03-17 13:27:40', '2011-05-18 12:33:34', 1, 1, NULL),
(211, 1, 77, 77, '', 'и еще 2', '2011-03-18 14:21:58', '2011-03-26 00:16:01', 1, 1, NULL),
(213, 1, 74, 74, '', 'Проба<br>', '2011-03-19 16:50:02', NULL, NULL, NULL, NULL),
(222, 1, 73, 73, '', 'сделать для активного поля какую-нибудь очевидную индикацию. А то, \nнапример, в новом файрфоксе активное поле никак не выделяется ', '2011-03-20 02:14:58', '2011-05-18 12:27:25', 1, 1, NULL),
(223, 1, 73, 73, '', 'Бага: при добавлении нового сообщения в конец прокрутка не прокручивается до него', '2011-03-20 02:32:26', '2011-05-18 12:24:25', 1, 1, NULL),
(232, 1, 73, 73, '', '<p>Хотелось бы видеть какие-то сведения о прогрессе «дозагрузки». Ибо смотреть на крутящиеся вещи — занятно только до поры-до времени.</p><p><br></p><p>Это (кстати) одно из того (что раздражает во многих текущих ajax''овых вещах).</p>', '2011-03-24 04:52:36', '2011-05-01 15:10:59', 1, 1, NULL),
(233, 1, 73, 73, '', 'По идее прогресс дозагрузки осуществляется довольно быстро. Прогрессбар осуществить можно только тогда, когда дозагрузка осуществляется в несколько ajax-запросов. Если запрос один, прогрессбар можно только симулировать, ибо как скоро браузер получит ответ от сервера - никто не знает, а когда он его получил, обновление контента происходит в считанные милисекунды.<br>', '2011-03-24 12:44:05', '2011-05-01 15:11:08', 1, 1, NULL),
(234, 1, 76, 76, '', 'Отвечаю', '2011-03-25 15:50:20', '2011-03-25 13:54:45', 1, 1, NULL),
(235, 1, 76, 76, '', 'Еще раз отвечаю', '2011-03-25 15:50:59', '2011-03-25 13:52:49', 1, 1, NULL),
(236, 1, 76, 76, '', 'Блин, шо за фигня?<div><br></div>', '2011-03-25 15:52:01', '2011-03-25 14:08:47', 1, 1, NULL),
(237, 1, 76, 76, '', 'А вот это уже ответ', '2011-03-25 15:55:31', '2011-03-25 15:04:13', 1, 1, NULL),
(238, 1, 76, 76, '', 'И еще один ответ', '2011-03-25 16:01:41', '2011-03-25 14:02:47', 1, 1, NULL),
(239, 1, 76, 76, '', 'Еще раз, блин!!!!', '2011-03-25 16:06:26', '2011-03-25 14:30:49', 1, 1, NULL),
(240, 1, 76, 76, '', 'Добавляем сообщение', '2011-03-25 16:25:42', '2011-03-25 15:03:37', 1, 1, NULL),
(241, 1, 76, 76, '', 'Ответ в тему', '2011-03-25 16:31:23', '2011-03-25 15:03:35', 1, 1, NULL),
(242, 1, 76, 76, '', 'Какой-то нормальный пост', '2011-03-25 16:34:28', '2011-03-25 15:03:33', 1, 1, NULL),
(243, 1, 76, 76, '', '<div>dsfssdsf</div>', '2011-03-25 16:35:13', '2011-03-25 15:03:30', 1, 1, NULL),
(244, 1, 76, 76, '', 'Странный баг, но пока не ловится', '2011-03-25 16:35:38', '2011-03-25 15:03:28', 1, 1, NULL),
(245, 1, 76, 76, '', 'трампампам', '2011-03-25 17:09:20', '2011-03-25 15:09:36', 1, 1, NULL),
(246, 1, 76, 76, '', 'привет, Миша<br>', '2011-03-25 17:11:00', NULL, NULL, NULL, NULL),
(247, 1, 76, 76, '', 'Так долго писала такое короткое сообщение?<br>', '2011-03-25 17:11:15', NULL, NULL, NULL, NULL),
(248, 1, 76, 76, '', 'меня таращит. медленно набираю<br>', '2011-03-25 17:11:35', NULL, NULL, NULL, NULL),
(249, 1, 76, 76, '', 'Шо случилось?<br>', '2011-03-25 17:11:49', NULL, NULL, NULL, NULL),
(250, 1, 76, 76, '', 'та хз. толи погода, толи заболела(((<br>', '2011-03-25 17:12:15', NULL, NULL, NULL, NULL),
(251, 1, 76, 76, '', 'Темпаературу померяй :)<br>У нас по моему даже где-то в офисе был градусник<br>', '2011-03-25 17:12:48', NULL, NULL, NULL, NULL),
(252, 1, 76, 76, '', 'та ладно. уже скоро домой. меня заберут на тачке<br>', '2011-03-25 17:13:24', '2011-03-25 15:14:20', 1, 1, NULL),
(253, 1, 76, 76, '', 'Оу. Ну, прикольно, не спорю. <br><br>Слушай, а попробуй сообщение удалить какое нибудь.<br>', '2011-03-25 17:14:00', NULL, NULL, NULL, NULL),
(254, 1, 48, 48, '', 'Сделал автообновление. Осталось регистрацию/авторизацию и можно тестить<br>', '2011-03-25 17:19:42', '2011-05-18 12:33:38', 1, 1, NULL),
(255, 1, 73, 73, '', '1. всплывающие подсказки в меню форматирования текста<br>2. сигнал о полученном сообщении(звуковой или графический)<br>', '2011-03-25 17:20:32', '2011-05-18 12:24:59', 1, 1, NULL),
(256, 1, 73, 73, '', 'Спасибо :)<br><br>Еще: увеличение времени ожидания waiter-а когда вкладка неактивна, или браузер свернут.<br>', '2011-03-25 17:22:57', '2011-04-01 10:01:09', 1, 1, NULL),
(257, 1, 76, 76, '', 'вфыавыавыаыаы', '2011-03-25 17:28:13', '2011-03-26 00:48:43', 1, 1, NULL),
(258, 1, 76, 76, '', 'блабла<br>', '2011-03-25 17:28:22', '2011-03-26 00:48:38', 1, 1, NULL),
(259, 1, 77, 77, '', 'Бла бла вап ва пвп вп вапвапвап<br>', '2011-03-26 02:14:29', '2011-03-26 00:17:41', 1, 1, NULL),
(260, 1, 74, 74, '', '<div style="text-align: left;">TACENDA - HIDING</div><div><br></div><div>oh, last night I dreamt of a place (land)</div><div>...</div><div>medicine is keeping people sick</div><div>and the tracher''s work is to limit you</div><div><br></div><blockquote class="webkit-indent-blockquote" style="margin: 0 0 0 40px; border: none; padding: 0px;">then I woke up,&nbsp;crying out loud<div>broken with all I have known</div><div>''cause they''re showing me things I can live without</div><div>''nd hiding what had to be shown</div><div><br></div><div>I will highlight the things they were hiding tight</div><div><br></div><div>We can highlight the things they were hiding tight</div></blockquote><div><div><br></div></div>', '2011-03-30 13:42:41', '2011-03-31 19:40:23', 1, 1, NULL),
(261, 4, 76, 76, '', 'А ну ка, попробуем попостить под вторым акком :)<br>', '2011-04-01 03:48:42', '2011-04-01 01:02:16', 4, 1, NULL),
(262, 4, 76, 76, '', 'Что за хрень?<br>', '2011-04-01 03:54:38', '2011-04-01 00:57:33', 4, 1, NULL),
(263, 4, 76, 76, '', 'Блин, чтё за...<br>', '2011-04-01 03:57:53', '2011-04-01 01:02:11', 4, 1, NULL),
(264, 4, 76, 76, '', 'Ыыыыыы<br>', '2011-04-01 04:02:29', NULL, NULL, NULL, NULL),
(265, 4, 76, 76, '', 'ОК. Что теперь?<br>', '2011-04-01 04:14:44', NULL, NULL, NULL, NULL),
(266, 1, 76, 76, '', 'Ну давай поговорим, что ли :)', '2011-04-01 04:29:42', NULL, NULL, NULL, NULL),
(267, 4, 76, 76, '', 'Можно :)<br>', '2011-04-01 04:30:07', NULL, NULL, NULL, NULL),
(268, 4, 48, 48, '', 'Регистрация и авторизация готовы. Сейчас, как видите, пишу с другого аккаунта :)<br>Можно регистрироваться и писать :)<br><br>Планы на ближайшее будущее - открытие новых тем, обновление списка тем в соответствии с появлением новых сообщений в темах. <br><br>После этого первый этап подготовки можно считать законченным и начинать оптимизировать , допиливать и полировать.<br>', '2011-04-01 05:03:13', '2011-05-19 07:42:42', 4, 1, NULL),
(269, 4, 74, 74, '', 'Тест<br>', '2011-04-01 05:03:36', NULL, NULL, NULL, NULL),
(270, 4, 74, 74, '', 'Еще раз<br>', '2011-04-01 05:04:23', NULL, NULL, NULL, NULL),
(271, 6, 74, 74, '', 'Ой, кажется, у кого-то размножение личности... :) <br>', '2011-04-01 11:14:12', '2011-04-01 08:14:32', 6, 1, NULL),
(272, 6, 74, 74, '', 'Ой, кажется, у кого-то размножение личности... :) <br>', '2011-04-01 11:14:14', NULL, NULL, NULL, NULL),
(273, 1, 74, 74, '', 'Ну так, проверить-то как-то надо было<br>', '2011-04-01 11:14:57', NULL, NULL, NULL, NULL),
(274, 6, 74, 74, '', 'оге)<br>', '2011-04-01 11:20:52', NULL, NULL, NULL, NULL),
(275, 1, 74, 74, '', 'Пока что интервал автообновления - 10 сек. Как думаешь, стоит сделать меньше?<br>', '2011-04-01 11:21:23', NULL, NULL, NULL, NULL),
(276, 6, 74, 74, '', 'редактирование профиля тоже пока не доступно?<br>', '2011-04-01 11:21:46', NULL, NULL, NULL, NULL),
(277, 1, 74, 74, '', 'Так профиля пока нет :)<br>', '2011-04-01 11:22:09', '2011-04-01 08:22:55', 1, NULL, NULL),
(278, 6, 74, 74, '', 'ясно))) и уведомления на мыло тоже?<br>', '2011-04-01 11:25:57', NULL, NULL, NULL, NULL),
(279, 1, 74, 74, '', 'Уведомления на мыло о чем?<br>', '2011-04-01 11:26:14', NULL, NULL, NULL, NULL),
(280, 6, 74, 74, '', 'тест мультинажатия "Отравить"<br>', '2011-04-01 11:26:25', '2011-04-01 08:26:34', 6, 1, NULL),
(281, 6, 74, 74, '', 'тест мультинажатия "Отравить"', '2011-04-01 11:26:40', NULL, NULL, NULL, NULL),
(282, 6, 74, 74, '', 'тест мультинажатия "Отравить"', '2011-04-01 11:26:41', NULL, NULL, NULL, NULL),
(283, 6, 74, 74, '', 'тест мультинажатия "Отравить"', '2011-04-01 11:26:41', NULL, NULL, NULL, NULL),
(284, 6, 74, 74, '', 'воть :) надо бы лочить "Отравить" после первого нажатия.<br>', '2011-04-01 11:28:08', NULL, NULL, NULL, NULL),
(285, 6, 74, 74, '', 'воть :) надо бы лочить "Отравить" после первого нажатия.<br>', '2011-04-01 11:28:08', NULL, NULL, NULL, NULL),
(286, 6, 74, 74, '', 'воть :) надо бы лочить "Отравить" после первого нажатия.<br>', '2011-04-01 11:28:08', NULL, NULL, NULL, NULL),
(287, 6, 74, 74, '', 'воть :) надо бы лочить "Отравить" после первого нажатия.<br>', '2011-04-01 11:28:09', NULL, NULL, NULL, NULL),
(288, 6, 74, 74, '', 'воть :) надо бы лочить "Отравить" после первого нажатия.<br>', '2011-04-01 11:28:09', NULL, NULL, NULL, NULL),
(289, 1, 74, 74, '', 'Эээээ...<br>', '2011-04-01 11:29:21', '2011-04-01 08:55:22', 1, 1, NULL),
(290, 1, 74, 74, '', 'Эээээ...<br>', '2011-04-01 11:29:43', '2011-04-01 08:55:23', 1, 1, NULL),
(291, 1, 74, 74, '', 'Эээээ...<br>', '2011-04-01 11:29:43', '2011-04-01 08:55:25', 1, 1, NULL),
(292, 1, 74, 74, '', 'Эээээ...<br>', '2011-04-01 11:29:43', '2011-04-01 08:55:34', 1, 1, NULL),
(293, 1, 74, 74, '', 'Эээээ...<br>', '2011-04-01 11:29:43', NULL, NULL, NULL, NULL),
(294, 1, 74, 74, '', 'Эээээ...<br>', '2011-04-01 11:29:43', '2011-04-01 08:55:31', 1, 1, NULL),
(295, 1, 74, 74, '', 'Проверка починенного мультинажатия<br>', '2011-04-01 11:34:28', NULL, NULL, NULL, NULL),
(296, 1, 74, 74, '', 'Еще раз<br>', '2011-04-01 11:34:41', NULL, NULL, NULL, NULL),
(297, 1, 74, 74, '', 'Так, мультинажатие я пофиксил.<br>', '2011-04-01 11:35:30', NULL, NULL, NULL, NULL),
(298, 6, 74, 74, '', 'мдя?<br>', '2011-04-01 11:36:55', NULL, NULL, NULL, NULL),
(299, 6, 74, 74, '', 'мдя?<br>', '2011-04-01 11:36:56', NULL, NULL, NULL, NULL),
(300, 6, 74, 74, '', 'мдя?<br>', '2011-04-01 11:36:56', NULL, NULL, NULL, NULL),
(301, 6, 74, 74, '', 'мдя?<br>', '2011-04-01 11:36:57', NULL, NULL, NULL, NULL),
(302, 6, 74, 74, '', 'мдя?<br>', '2011-04-01 11:36:57', NULL, NULL, NULL, NULL),
(303, 6, 74, 74, '', 'мдя?<br>', '2011-04-01 11:36:57', NULL, NULL, NULL, NULL),
(304, 6, 74, 74, '', 'мдя?<br>', '2011-04-01 11:36:58', NULL, NULL, NULL, NULL),
(305, 1, 74, 74, '', 'вот я кликаю много раз<br>', '2011-04-01 11:38:55', NULL, NULL, NULL, NULL),
(306, 6, 74, 74, '', 'а щас?<br>', '2011-04-01 11:39:37', NULL, NULL, NULL, NULL),
(307, 6, 74, 74, '', 'ой ли? ;)<br>', '2011-04-01 11:39:58', NULL, NULL, NULL, NULL),
(308, 1, 74, 74, '', 'вроде не ошибается уже<br>', '2011-04-01 11:40:07', NULL, NULL, NULL, NULL),
(309, 6, 74, 74, '', 'fixed :)<br>', '2011-04-01 11:40:22', NULL, NULL, NULL, NULL),
(310, 1, 74, 74, '', 'Хотя на будущее, конечно в пхп тоже нужно защиту от флуда поставить.<br>', '2011-04-01 11:42:16', NULL, NULL, NULL, NULL),
(311, 6, 74, 74, '', 'вот и я о чем<br>', '2011-04-01 11:43:02', NULL, NULL, NULL, NULL),
(312, 1, 74, 74, '', 'Скажу так: на данный момент о защите я не думаю вообще. Моя задача - сделать скрипт рабочим, чтобы можно было рабочей версией заинтересовать гипотетических разработчиков. А потом уже всё будет допиливаться до состояния всенародного пользования<br>', '2011-04-01 11:44:49', NULL, NULL, NULL, NULL),
(313, 6, 76, 76, '', 'да, с консолью ака <span style="font-weight: bold;">Панель отладки</span> хорошо :)<br>', '2011-04-01 11:46:32', NULL, NULL, NULL, NULL),
(314, 1, 74, 74, '', 'Блин, фигня. По моему когда я из дома кодил, кое какие изменения не закоммитились в гит. Теперь автопрокрутка до нового поста не работает.<br>', '2011-04-01 11:46:56', NULL, NULL, NULL, NULL),
(315, 6, 74, 74, '', 'есть такое...<br>', '2011-04-01 11:48:04', NULL, NULL, NULL, NULL),
(316, 1, 74, 74, '', 'Щас блин, придется разрешать конфликт. Как я это не люблю...<br>', '2011-04-01 11:50:07', NULL, NULL, NULL, NULL),
(317, 1, 74, 74, '', 'Хм. Получилось вроде. И даже конфликта не случилось<br>', '2011-04-01 11:54:44', NULL, NULL, NULL, NULL),
(318, 6, 74, 74, '', 'напиши чего-нить<br>', '2011-04-01 11:56:14', NULL, NULL, NULL, NULL),
(319, 1, 74, 74, '', 'Пишу<br>', '2011-04-01 11:56:22', NULL, NULL, NULL, NULL),
(320, 6, 74, 74, '', 'а, да, работает) зачет)<br>', '2011-04-01 11:56:37', NULL, NULL, NULL, NULL),
(321, 1, 74, 74, '', 'Вот скажи, такой уровень функциональности (ну допустим плюс создание новых тем и обновление столбца тем) - достаточная замануха для разрабов?<br>', '2011-04-01 11:57:25', NULL, NULL, NULL, NULL),
(322, 6, 74, 74, '', 'я не разраб, так что хз... ИМХО, да. главное, чтоб энтузизизм был<br>', '2011-04-01 11:59:36', NULL, NULL, NULL, NULL),
(323, 1, 74, 74, '', 'Тебе было бы удобно общаться в такой штуковине?<br>', '2011-04-01 12:00:44', NULL, NULL, NULL, NULL),
(324, 6, 74, 74, '', 'с доработанным функционалом - почему нет) интерфейс мне нравится.<br>', '2011-04-01 12:05:01', NULL, NULL, NULL, NULL),
(325, 1, 74, 74, '', 'Я примерно это и хотел узнать, спасибо.<br>ОК, теперь вопрос более наглый - присоединишься ли ты к команде? На уровне тестировщика например.<br>', '2011-04-01 12:06:46', '2011-04-01 09:07:10', 1, NULL, NULL),
(326, 6, 74, 74, '', '<sup>На уровне тестировщика</sup><sub> </sub><sup>- почему нет. ;) <br></sup>', '2011-04-01 12:10:28', NULL, NULL, NULL, NULL),
(327, 6, 74, 74, '', 'и так щас два проекта тестирую. будет третий :)<br>', '2011-04-01 12:12:10', NULL, NULL, NULL, NULL),
(328, 1, 74, 74, '', 'В таком случае тебе на https://github.com/lerayne/UltiComm. Там есть раздел Issues - для багтрекинга, фич-реквестов и пр.<br>', '2011-04-01 12:13:32', NULL, NULL, NULL, NULL),
(329, 6, 74, 74, '', 'оке<br>', '2011-04-01 12:15:39', NULL, NULL, NULL, NULL),
(330, 6, 74, 74, '', 'так, чтоб далеко не ходить - надо бы при нажатии "Ответить" фокусировать курсор на поле ввода<br>', '2011-04-01 12:17:05', NULL, NULL, NULL, NULL),
(331, 1, 74, 74, '', 'А, да на это не ты первый жалуешься. Сделаю, только не сейчас. Сейчас мне работать надо<br>', '2011-04-01 12:17:57', '2011-04-01 09:38:15', 1, NULL, NULL),
(332, 1, 76, 76, '', 'Да, такое паливо :) Кстати я таки переименую ее в консоль<br>', '2011-04-01 13:00:00', NULL, NULL, NULL, NULL),
(333, 1, 73, 73, '', '^ Сделано<br>', '2011-04-01 13:00:33', '2011-04-01 10:02:04', 1, 1, NULL),
(334, 7, 76, 76, '', 'Зарегистрировалась :)<br>', '2011-04-04 00:03:15', NULL, NULL, NULL, NULL),
(335, 1, 76, 76, '', 'Прикольно :) Спасибо.<br>А граватар не залила?<br>', '2011-04-04 18:24:56', NULL, NULL, NULL, NULL),
(336, 9, 76, 76, '', 'зарегистрировался %)', '2011-04-04 18:37:13', NULL, NULL, NULL, NULL),
(337, 1, 76, 76, '', 'Щас проверим как автообновлялка работает<br>', '2011-04-04 18:37:40', NULL, NULL, NULL, NULL),
(338, 1, 76, 76, '', 'Таймаут 10 секунд правда. Многовато.<br>', '2011-04-04 18:38:02', '2011-04-04 15:38:11', 1, NULL, NULL),
(339, 9, 73, 73, '', 'как считаешь, нужна индикация непрочитанных сообщений?', '2011-04-04 18:42:53', NULL, NULL, NULL, NULL),
(340, 1, 73, 73, '', 'Само собой. Только я пока не придумал как сделать<br><br>', '2011-04-04 18:43:09', '2011-05-18 12:24:34', 1, 1, NULL),
(341, 1, 73, 73, '', 'А еще нужнее - индикация новых сообщений пришедших в темы<br>', '2011-04-04 18:44:03', NULL, NULL, NULL, NULL),
(342, 1, 76, 76, '', 'Временно уменьшил до 5-и<br>', '2011-04-04 18:46:36', NULL, NULL, NULL, NULL),
(343, 9, 76, 76, '', '*пустой трёп*', '2011-04-04 18:49:42', NULL, NULL, NULL, NULL),
(344, 1, 73, 73, '', 'В принципе, как сделать непрочитанными посты, появившиеся за время, пока тема была открыта - понятно. А вот как вычислить непрочитанные со времени последнего посещения? Разве что забивать куда-то дату посещения и сравнивать дату поста с ней. И отдельный важный вопрос - по какому событию делать сообщения прочитанными.<br>', '2011-04-04 18:50:26', NULL, NULL, NULL, NULL),
(345, 9, 76, 76, '', 'очень неудобно без hot-key для отправления сообщения<br><hr><div>Edit: а красный квадрат в меню что-нибудь означает?</div><div><hr>Edit 2: а синий? :)</div>', '2011-04-04 18:50:58', '2011-04-04 15:55:52', 9, NULL, NULL),
(346, 9, 73, 73, '', 'проще всего, очевидно, помечать все сообщения темы прочитанными при открытии темы<div>но тогда было бы неплохо сделать что-нибудь типа галки "оставить непрочитанными все сообщения начиная с этого"</div>', '2011-04-04 18:53:06', NULL, NULL, NULL, NULL),
(347, 1, 73, 73, '', 'Нет, не канает. Человек зайдя в тему должен увидеть, какие из сообщений являются непрочитанными.<br>', '2011-04-04 20:00:43', NULL, NULL, NULL, NULL),
(348, 4, 76, 76, '', 'Квадраты - это индикатор активности окна. При неактивном окне частота обновлений падает с 5 сек до 3 мин.<br><br>Хоткеи - прикрутим.<br>', '2011-04-04 23:15:37', NULL, NULL, NULL, NULL),
(349, 9, 73, 73, '', 'Ну это, как ты и сказал, по сравнению дат.', '2011-04-04 23:23:50', '2011-04-04 20:23:58', 9, NULL, NULL),
(350, 4, 73, 73, '', 'Да, блин, без возможности отслеживать изменения общаться трудно, так что я этим займусь сразу же после того, как прикручу открытие новой темы.<br>', '2011-04-05 01:37:40', NULL, NULL, NULL, NULL),
(351, 10, 76, 76, '', 'Тестовое сообщение<br>', '2011-04-05 12:07:27', NULL, NULL, NULL, NULL),
(352, 1, 76, 76, '', 'Обновление пашет?<br>', '2011-04-05 12:16:42', NULL, NULL, NULL, NULL),
(353, 10, 73, 73, '', 'На вскидку вариант - таблица соответствия пользователь - тема. <br>Чтото типа: <br>usertopic<br>_____________<br>idUserTipic int(11) AUTO_INCREMENT<br>idUser int(11)<br>idTopic int(11)<br>dtShow datetime<br><br>', '2011-04-05 15:32:26', '2011-04-05 12:45:13', 10, NULL, NULL),
(354, 11, 77, 77, '', 'Слушай, а может все-таки стоит делать обратній порядок сообщений?', '2011-04-05 16:30:07', NULL, NULL, NULL, NULL),
(355, 1, 77, 77, '', 'Нет, потому что будет ветвление. Ветвление возможно только сверху вниз, по другому народ не поймет.<br>', '2011-04-05 16:34:05', '2011-04-07 13:56:48', 1, NULL, NULL),
(356, 1, 73, 73, '', 'В принципе я пришел к подобному выводу, но нафига там тогда индексное поле? <br>И остается открытым вопрос по какому событию считать пост прочитанным? По клику? По ховеру? Дополнительно по пробелу как в вейве?<br>', '2011-04-05 16:38:44', NULL, NULL, NULL, NULL),
(357, 11, 73, 73, '', 'Слушайте, а не проще ли в соотвествии пользователя темам записівать не дату, последний прочитанній айди, проще будет вібирать. Все сообщения из темі, айди которіх больше, чем последний прочитанный. Последний прочитанный отсылать вместе с запросом на обновление текущей темы. А вычислять его следующим образом: для всех непрочитанных, если уровень скроллинга + высота соотвествует позиции блока сообщения на странице + константа высоты заголовка + 1 строка (например).', '2011-04-05 16:39:03', NULL, NULL, NULL, NULL),
(358, 1, 76, 76, '', 'Смотрю я так, граватары никто не юзает :)<br>', '2011-04-05 16:39:09', NULL, NULL, NULL, NULL),
(359, 10, 73, 73, '', '2lokkie@wwegroup.info <br>в общем то это не поще. <br><br>2lerayne@gmail.com <br>Сколрее для приведения бд к неормалям чем для реальной функциональности. Посему это поле необязательно.<br>', '2011-04-05 16:43:42', '2011-04-05 13:43:57', 10, NULL, NULL),
(360, 11, 73, 73, '', 'От чего же не проще? Храниміх данніх меньше, индексация по интам проще.', '2011-04-05 17:01:43', NULL, NULL, NULL, NULL),
(361, 1, 73, 73, '', 'Локки, включи русский :) А то коробит.<br><br>Почему твой метод не лучше - потому что как непрочитанное будет отмечаться не только каждое новое, но и каждое отредактированное кем либо сообщение. ID оно будет иметь ниже, чем "последний прочитанный", а вот поле "modified" обновляется и в таком случае.', '2011-04-05 17:18:39', '2011-04-05 14:20:33', 1, NULL, NULL),
(362, 1, 0, 0, 'Тест открытия новой темы', 'Тра-ля-ля<br>', '2011-04-06 11:12:02', '2011-04-06 14:53:47', 1, 1, NULL),
(363, 1, 0, 0, 'А вот еще одна :)', 'Сообщение десу<br>', '2011-04-06 11:28:08', '2011-04-06 14:50:03', 1, 1, NULL),
(364, 1, 0, 0, 'тема 1', 'ййййййй<br>', '2011-04-06 11:30:56', '2011-04-06 14:49:40', 1, 1, NULL),
(365, 1, 0, 0, 'Тема 2', 'цццццццццц<br>', '2011-04-06 11:32:47', '2011-04-06 14:48:06', 1, 1, NULL),
(366, 1, 0, 0, 'тема 3', 'ууууууу<br>', '2011-04-06 11:34:15', '2011-04-06 14:46:22', 1, 1, NULL),
(367, 1, 0, 0, 'ваыаыа ', 'ыв аыва ы аыа<br>', '2011-04-06 11:38:35', '2011-04-06 14:46:01', 1, 1, NULL),
(368, 1, 48, 48, '', 'Теперь можно стартовать темы, но пока нельзя их удалять. Следующим сделаю удаление темы и&nbsp; сообщения с ветками от него, с отдельным предупреждением. А пока работа...<br>', '2011-04-06 11:50:41', '2011-05-18 12:34:06', 1, 1, NULL),
(369, 1, 367, 367, '', 'sadasdad<br>', '2011-04-06 13:02:46', '2011-04-06 10:08:44', 1, NULL, NULL),
(370, 10, 76, 76, '', 'Может я чего то не вижу. но скажу так. интуитивно непонятно где настраивать аватары и тд.&nbsp;', '2011-04-06 13:09:03', NULL, NULL, NULL, NULL),
(371, 1, 367, 367, '', 'dfg dgd dg <br>', '2011-04-06 13:09:12', NULL, NULL, NULL, NULL),
(372, 11, 73, 73, '', 'тогда согласен', '2011-04-06 13:21:06', NULL, NULL, NULL, NULL),
(373, 1, 366, 366, '', 'asdaadasdada<br>', '2011-04-06 17:46:17', NULL, NULL, NULL, NULL),
(374, 1, 76, 76, '', 'Есть такой сервис - gravatar.com<br>О нем сказано в нашей форме регистрации. Там можно аватар привязать к имейлу и он будет следовать за тобой по всем сайтам, которые поддерживают этот сервис и на которых ты будешь регистрироваться под этим имейлом. Другого метода заливки аватара пока нет, так как это не первоочередная задача.<br><br>ЗЫ: Можно зарегать на себя несколько имейлов и к каждому привязать свой аватар.<br>', '2011-04-06 17:55:43', '2011-04-07 01:07:12', 1, NULL, NULL),
(375, 1, 48, 48, '', 'Сделал удаление тем.<br>Пока не прописано что происходит когда кто-то другой удаляет тему, в которой в данный момент находится пользователь. Очевидно сейчас будет глюк, описать который я не берусь.<br>', '2011-04-06 17:57:56', '2011-05-18 12:34:52', 1, 1, NULL),
(378, 1, 48, 48, '', 'Сделал немного более правильным поведение формы ответа. Теперь она перед отправкой проверяет не появилось ли новых сообщений, не изменились ли существующие.<br>', '2011-04-07 04:03:04', '2011-05-18 12:35:08', 1, 1, NULL),
(379, 1, 0, 0, 'Планы<br>', '?', '2011-04-07 04:03:29', '2011-05-18 12:21:01', 1, 1, NULL),
(380, 1, 73, 73, '', 'Новая замеченная недоработка, присутствующая на всем проекте повсеместно, это неправильное поведение многих модулей, использующих аякс, особенно для проверок - одну и ту же кнопку можно кликать несколько раз и результат будет непредсказуемым. Вылечена от этой болячки только кнопка "отправить" в сообщении, да и та никак не изменяется внешне, когда с нее снимается ивент.<br><br>Нужно разработать единую универсальную систему блокировок.<br>', '2011-04-07 04:10:41', '2011-04-07 01:11:50', 1, NULL, NULL),
(381, 1, 0, 0, 'Содержимое блока темы в колонке тем', 'Одним из постулатов UC было заявлено отсутствие лишних элементов интерфейса, засоряющих вид. Уже сейчас с этой целью используются css-классы revealer и reveal которые помогают легко демонстрировать некоторые элементы блока только при наведении на него. <br><br>В контексте этой задачи спрашиваю всех участников проекта - как по вашему, какая информация должна отображаться в блоке темы постоянно, какая - при наведении, а какая не нужна вообще? <br><br><span style="font-weight: bold;">Существуют такие варианты:</span><br><ul><li>Имя автора темы</li><li>Название темы</li><li>Фрагмент стартового поста</li><li>Идентификатор сообщения в таблице (временный служебный)</li><li>Имя последнего отпостившего</li><li>Фрагмент последнего поста</li><li>Дата создания/модификации последнего поста</li></ul>-- в данный момент это видно всегда.<br><ul><li>Дата открытия темы/редактирования первого поста</li><li>Количество сообщений</li></ul>-- в данный момент это видно при наведении.<br><br>И еще есть некоторая важная информация, которую хотелось бы видеть:<br><ul><li>Теги</li></ul><br style="font-weight: bold;"><span style="font-weight: bold;">Высушаю все аргументы, так как хочется сделать пользование максимально удобным, но не отягощать интерфейс. Нужно грамотно распорядится что необходимо, что второстепенно, а что не нужно вообще.</span><br>', '2011-04-07 04:21:55', '2011-07-21 09:25:31', 1, NULL, 1),
(382, 1, 77, 77, '', 'Сообщение 12ф<br>', '2011-04-07 16:32:47', '2011-04-07 13:58:44', 1, NULL, NULL),
(383, 1, 77, 77, '', 'Новое<br>', '2011-04-07 16:40:30', NULL, NULL, NULL, NULL),
(384, 1, 77, 77, '', '<span style="text-decoration: line-through;">ляля</span> фы фыв <br>', '2011-04-07 16:41:47', '2011-04-07 14:11:32', 1, NULL, NULL),
(385, 1, 77, 77, '', '385ыфывфф<br>', '2011-04-07 17:00:13', '2011-04-07 14:14:17', 1, NULL, NULL),
(386, 1, 77, 77, '', 'фывыфвывф<br>', '2011-04-07 17:00:13', '2011-04-07 14:03:36', 1, 1, NULL),
(387, 1, 77, 77, '', 'Да блин, надо писать что-то!<br>', '2011-04-07 17:00:30', '2011-04-07 14:14:12', 1, NULL, NULL),
(388, 1, 77, 77, '', 'Нормальный <span style="text-decoration: line-through;">псто</span><br>', '2011-04-07 17:03:50', '2011-04-07 14:14:05', 1, NULL, NULL),
(389, 1, 76, 76, '', 'аа<br>', '2011-04-07 17:18:28', '2011-04-07 14:29:10', 1, 1, NULL),
(390, 1, 73, 73, '', 'проба<br>', '2011-04-07 17:26:57', '2011-04-07 14:29:00', 1, 1, NULL),
(391, 1, 74, 74, '', 'тест<br>', '2011-04-07 17:28:16', '2011-04-14 08:15:01', 1, 1, NULL),
(392, 1, 48, 48, '', 'Сделал систему индикации непрочитанных сообщений. Пока-что она устанавливает стамп при первом входе в тему, а при последующих входах нужно нажимать сверху кнопку "отметить прочитанными", иначе непрочитанность сохраняется. <br><br>В будущем, само собой, нужно выбрать событие (скорее целую схему зависимых событий) при срабатывании которых тема будет считаться прочитанной.<br><br>Прочтение по ховеру или клику на отдельное сообщение я решил не делать, "прочитанность" накладыватеся одним событием на всю тему целиком, иначе пришлось бы хранить в таблице прочитанность каждого сообщения.<span style="font-style: italic;"></span><br>', '2011-04-07 17:33:24', '2011-05-18 12:38:49', 1, NULL, NULL),
(393, 12, 77, 77, '', 'Оу, официальная флудилка! Круто!! А кто такой Локи, Русакевич дэсу нэ?<br><br>', '2011-04-08 01:15:14', NULL, NULL, NULL, NULL),
(394, 1, 77, 77, '', 'А что за флудилка?<br><br>ЗЫ: он самый))<br>', '2011-04-08 01:18:25', '2011-04-07 22:27:17', 1, NULL, NULL),
(395, 12, 77, 77, '', 'Ну сам сказал пиши что хочешь.....<br><br>Саша, привет!! Мир тесен<br>', '2011-04-08 01:31:25', NULL, NULL, NULL, NULL),
(396, 1, 77, 77, '', 'Это не мир тесен, это я широк (c) Семар :)<br>Только в данном случае широк я))<br>', '2011-04-08 01:32:11', NULL, NULL, NULL, NULL);
INSERT INTO `jawi_messages` (`id`, `author_id`, `parent_id`, `topic_id`, `topic_name`, `message`, `created`, `modified`, `modifier`, `deleted`, `locked`) VALUES
(397, 12, 76, 76, '', 'Кракорук, Ровшан!! Так тут все свои!!! А!!!<br>Да, я обшиблась, это флудилка, а не то, что я приняла за неё<br>', '2011-04-08 01:32:58', NULL, NULL, NULL, NULL),
(398, 1, 76, 76, '', 'Да, флудилка это. А то - техническая тестилка.<br>', '2011-04-08 01:33:39', '2011-04-07 22:33:44', 1, NULL, NULL),
(399, 12, 73, 73, '', 'Первое.<br>Аватары.<br>Абсолютно не видно при регистрации, что там и к чему. Если можно, сделать не сбоку мелким шрифтом, а отдельным пунктом наряду с паролем и логином.<br>Дальше, где видно, что человек в сети?<br>Дальше, кнопка "ответить". Её надо искать. Понятно, что юзеры не идиоты и сами разберутся, а если не разберутся, то не нужны нам такие юзеры. Но всё же лучше, чтобы она была постоянной.<br>И это, как отправить сообщение комбинацией клавиш? Энтер и ктрл энтер не срабатывает.<br>Я чайник, моё мнение можно не принимать во внимание<br>', '2011-04-08 01:38:36', NULL, NULL, NULL, NULL),
(400, 12, 77, 77, '', 'Или я :-Р<br>', '2011-04-08 01:39:50', NULL, NULL, NULL, NULL),
(401, 12, 76, 76, '', 'а, понятно. а где список пользователей?<br>', '2011-04-08 01:40:36', NULL, NULL, NULL, NULL),
(402, 1, 73, 73, '', 'А зачем писать, если можно тебя не принимать во внимание? На самом деле пару новых слов ты сказала. Да, хоткеев мы все ждём :) даже я (в смысле жду того этапа написания программы, когда ими можно будет заняться).<br><br>Насчет аватаров да, ссылку на граватар можно сделать побольше и позаметнее, а заливку собственных я пока отложил. Это далеко не первоочередная задача.<br><br>Индикация сетевого состояния - хорошая идея. На данный момент она тоже не в первой тепени важности, но включить в список работ надо будет.<br><br>По поводу постоянной видимости кнопки ответа... да, возможно. Нужно поискать оптимальное решение.<br>', '2011-04-08 01:42:52', '2011-04-12 09:10:00', 1, NULL, NULL),
(403, 1, 76, 76, '', 'Нету. А зачем? :) Вот ты в гмейле видела когда-нибудь список пользователей?<br>Шучу. Будет, но намного позже.<br>', '2011-04-08 01:43:38', NULL, NULL, NULL, NULL),
(404, 1, 77, 77, '', 'Ну это же я всех сюда пригласил. И вообще-то я эту штуку написал, да ))<br>', '2011-04-08 01:44:04', NULL, NULL, NULL, NULL),
(405, 12, 73, 73, '', 'Я когда-то объясняла почему ко мне можно не прислушиваться. Я очень странное создание с очень странными запросами. А у разработчиков есть своё виденье, как надо. Ну и врождённая скромность и конформизм. <br>И если можно, переместить кнопку ответа в левую сторону, курсор подсознательно тыкается сначала туда.<br>', '2011-04-08 02:00:35', NULL, NULL, NULL, NULL),
(406, 12, 77, 77, '', 'Посмотри на это с другой стороны, я могла быть незнакома с Русакевичем :)<br>', '2011-04-08 02:02:01', NULL, NULL, NULL, NULL),
(407, 12, 77, 77, '', 'Хотя... я незнакома... вообще да, бывает. К Сэмару приезжала девочка вместе со мной, так она знает многих наших, Алису, Шаннара, Умку (хотя кто его не знает)<br>Да, я&nbsp; с ней до этого была незнакома.<br>', '2011-04-08 02:03:07', '2011-04-07 23:05:26', 12, NULL, NULL),
(408, 12, 76, 76, '', 'Смелое сравнение)))))<br><br>На данном этапе это скорее более актуально, потому что не видишь реально сколько человек есть. Или поиска по пользователям тоже можно было сделать. ВК тоже нет списка пользователей. Или есть?<br>', '2011-04-08 02:04:51', NULL, NULL, NULL, NULL),
(409, 1, 76, 76, '', 'Ну поиск по пользователям есть, то есть если искать всех, то фактически есть и список<br>', '2011-04-08 02:06:42', NULL, NULL, NULL, NULL),
(410, 12, 76, 76, '', 'Хорошо, а где он?<br>', '2011-04-08 02:07:18', NULL, NULL, NULL, NULL),
(411, 1, 76, 76, '', 'Кто и где?<br>', '2011-04-08 02:08:26', NULL, NULL, NULL, NULL),
(412, 1, 73, 73, '', 'Ты пиши а мы решим :)<br>', '2011-04-08 02:09:51', NULL, NULL, NULL, NULL),
(413, 1, 77, 77, '', 'Ну уж кого-кого, а всех иногородних ты знать не можешь<br>', '2011-04-08 02:15:28', NULL, NULL, NULL, NULL),
(414, 12, 77, 77, '', 'Она как раз из Киева. Говорю же, приезжала<br>', '2011-04-08 02:29:49', NULL, NULL, NULL, NULL),
(415, 12, 76, 76, '', 'поиск где<br>', '2011-04-08 02:30:38', NULL, NULL, NULL, NULL),
(416, 12, 73, 73, '', '<span style="text-decoration: line-through;">Рисуй рисуй, Паганини</span> <br>я поняла ))<br>', '2011-04-08 02:31:14', NULL, NULL, NULL, NULL),
(417, 12, 73, 73, '', 'Можно тупой вопрос?<br>Картина Малевича "Красный квадрат" в меню только у меня, или у всех так? :)<br>', '2011-04-08 02:36:56', NULL, NULL, NULL, NULL),
(418, 12, 73, 73, '', 'И ещё. В теме пишет, что последнее сообщение твоё, а на самом деле моё. Это так и надо, или нет?<br>', '2011-04-08 02:38:27', '2011-04-07 23:51:11', 12, 1, NULL),
(419, 1, 76, 76, '', 'Я про вконтакт вообще-то говорил<br>', '2011-04-08 10:55:11', NULL, NULL, NULL, NULL),
(420, 1, 73, 73, '', 'Блииииииинн... По всем темам меня уже про этот квадрат раза три спрашивали, поищи :)<br>Это служебный индикатор активности окна. От активности зависит частота автоматических обновлений содержимого<br>', '2011-04-08 10:56:25', NULL, NULL, NULL, NULL),
(421, 12, 76, 76, '', 'а. я про здесь<br>', '2011-04-08 13:47:31', NULL, NULL, NULL, NULL),
(422, 12, 73, 73, '', 'Гомен...-_-"<br>', '2011-04-08 13:56:28', NULL, NULL, NULL, NULL),
(423, 1, 76, 76, '', 'Здесь пока без надобности. ИМХО индикатор онлайновости и то важнее...<br>', '2011-04-08 18:12:12', '2011-04-14 07:56:44', 1, NULL, NULL),
(424, 1, 77, 77, '', '&gt;&nbsp;Алису, Шаннара, Умку (хотя кто его не знает)<br><br>Это как раз всё весьма "широкие" люди :)', '2011-04-08 18:18:36', NULL, NULL, NULL, NULL),
(425, 1, 76, 76, '', 'явавыавыаыаыавыа<br>', '2011-04-11 20:03:10', '2011-04-12 06:33:15', 1, 1, NULL),
(426, 1, 48, 48, '', 'Баг с неправильной визуализацией пофикшен. Прочтение работает, только теперь нужно придумать событие.<br>', '2011-04-12 00:40:43', '2011-05-18 12:36:00', 1, 1, NULL),
(427, 1, 77, 77, '', 'Хотя, кстати, что Алису, что Умку я знаю относительно недавно. Последнего - где-то начиная с танцев на БЖ.', '2011-04-12 09:28:05', NULL, NULL, NULL, NULL),
(428, 1, 73, 73, '', 'Баг непрочитанности: непрочитанным помечается сбственное сообщение.', '2011-04-12 09:34:01', '2011-05-18 12:18:59', 1, 1, NULL),
(429, 1, 48, 48, '', 'Теперь темы по умолчанию сортируются по дате последнего обновления, каковым считается не только написание нового сообщения, но и редактирование любого существущего.<br>', '2011-04-12 11:54:59', '2011-05-18 12:36:40', 1, 1, NULL),
(430, 1, 48, 48, '', 'Добавил троббер на кнопку "отметить прочитанным"<br>', '2011-04-12 12:11:30', '2011-05-18 12:36:46', 1, 1, NULL),
(431, 1, 379, 379, '', 'Непрочитанность готова :) Только слегка допилить, но это можно позже<br>', '2011-04-12 14:59:03', '2011-05-18 11:15:09', 1, 1, NULL),
(432, 1, 379, 379, '', 'цукцкцукц<br>', '2011-04-12 17:04:31', '2011-04-12 14:11:41', 1, 1, NULL),
(433, 1, 77, 77, '', '!!!!!!!!!!!!!!!<br>', '2011-04-12 17:12:02', '2011-04-12 14:12:52', 1, 1, NULL),
(434, 1, 77, 77, '', 'трям<br>', '2011-04-13 17:49:12', '2011-04-13 14:54:12', 1, 1, NULL),
(435, 1, 77, 77, '', 'трям2', '2011-04-13 17:51:47', '2011-04-13 14:54:16', 1, 1, NULL),
(436, 1, 77, 77, '', 'трям<br>', '2011-04-13 17:54:33', '2011-06-22 17:57:27', 1, NULL, NULL),
(437, 1, 77, 77, '', 'ыуффыыфвфф<br>', '2011-04-13 17:57:06', '2011-04-14 05:41:50', 1, 1, NULL),
(438, 1, 76, 76, '', 'вавыаыаы<br>', '2011-04-13 17:58:24', '2011-04-14 05:42:14', 1, 1, NULL),
(439, 1, 76, 76, '', '111111113567<br>', '2011-04-13 18:07:35', '2011-04-14 05:42:11', 1, 1, NULL),
(440, 1, 76, 76, '', 'выапываы<br>', '2011-04-13 18:18:47', '2011-04-13 15:21:03', 1, 1, NULL),
(441, 12, 76, 76, '', 'пустой трёп что-то не особо треплется<br>тему что-ли толкайте<br>давайте поговорим о проблеме недосыпа в информационном обществе :-Р<br>', '2011-04-14 00:44:15', NULL, NULL, NULL, NULL),
(442, 12, 77, 77, '', 'Умку с танцев на БЖ??? Ты уверен, что он там был?<br>', '2011-04-14 00:45:05', '2011-08-18 10:36:54', 1, NULL, NULL),
(443, 12, 379, 379, '', 'как оно работает?<br>', '2011-04-14 00:45:58', NULL, NULL, NULL, NULL),
(444, 1, 77, 77, '', 'Ну, я первый раз его увидел когда мы оттуда толпой куда-то шли.<br>', '2011-04-14 08:41:29', '2011-08-18 10:36:48', 1, NULL, NULL),
(445, 1, 76, 76, '', 'Трёп ради трёпа не есть хорошо :) Эта тема была создана для проверок движка в основном. Хочешь поговорить о чем-то - открывай тему, поговорим.<br>', '2011-04-14 08:43:07', '2011-04-14 10:07:43', 1, NULL, NULL),
(446, 1, 379, 379, '', 'Ну как бы непрочитанные сообщения отмечаются желтоватым фоном. Нажав на кнопку "отметить прочитанным" ты убираешь непрочитанность для текущей темы.<br>', '2011-04-14 08:49:40', '2011-04-14 10:26:19', 1, NULL, NULL),
(447, 1, 77, 77, '', 'Что-то пишу<br>', '2011-04-14 10:54:42', '2011-04-14 08:53:03', 1, 1, NULL),
(448, 1, 77, 77, '', 'трям<br>', '2011-04-14 11:20:44', '2011-04-14 08:52:59', 1, 1, NULL),
(449, 1, 77, 77, '', 'dsfsfsfs<br>', '2011-04-14 11:51:20', '2011-04-14 08:52:53', 1, 1, NULL),
(450, 1, 76, 76, '', 'dsfasddasfdas<br>', '2011-04-14 11:51:41', '2011-04-14 09:31:56', 1, 1, NULL),
(451, 1, 77, 77, '', 'wwqweqwe<br>', '2011-04-14 11:52:29', '2011-04-14 08:52:49', 1, 1, NULL),
(452, 1, 48, 48, '', 'Включена обновлялка списка тем. Известные баги:<br><br>', '2011-04-14 12:34:32', '2011-05-18 12:40:48', 1, 1, NULL),
(453, 1, 379, 379, '', 'Сделать отметку тем непрочитанными при загрузке<br>', '2011-04-14 12:40:49', '2011-05-18 11:15:16', 1, 1, NULL),
(454, 1, 48, 48, '', 'выаыаы<br>', '2011-04-14 12:44:15', '2011-04-14 09:44:38', 1, 1, NULL),
(455, 1, 76, 76, '', 'тест<br>', '2011-04-14 13:07:55', '2011-04-14 10:08:23', 1, 1, NULL),
(456, 1, 77, 77, '', 'пупвапвп<br>', '2011-04-14 13:15:09', '2011-04-14 10:16:10', 1, 1, NULL),
(457, 1, 77, 77, '', 'цукцкцку<br>', '2011-04-14 13:18:52', '2011-04-14 10:19:19', 1, 1, NULL),
(458, 1, 77, 77, '', 'цукецкуцк<br>', '2011-04-14 13:19:08', '2011-04-14 10:19:16', 1, 1, NULL),
(459, 1, 48, 48, '', 'Предлагаю такое поведение: При удалении любого сообщения в теме обновление блока происходит (обновляется счетчик сообщений и при необходимости последнее сообщение) но блок не поднимается и не помечается непрочитанным.<br>', '2011-04-14 13:22:24', '2011-05-19 07:51:18', 1, 1, NULL),
(460, 1, 77, 77, '', 'цукцкцкц<br>', '2011-04-14 13:25:34', '2011-04-14 10:26:08', 1, 1, NULL),
(461, 1, 48, 48, '', '1. Первый этап написания сервиса завершен. Сервису присвоен номер версии alpha 0.2.<br><br>2. Начат этап уборки мусора и оптимизации кода. В рамках этого процесса временно удалена неиспользуемая колонка "меню", роль индикатора активности окна теперь выполняет цвет названия сервиса (дааааа! долой загадочный красный квадрат из меню! &gt;:) )<br>', '2011-04-19 20:54:39', '2011-05-18 12:37:26', 1, NULL, NULL),
(462, 1, 74, 74, '', 'Кагбе готово :)<br>', '2011-04-19 21:02:34', NULL, NULL, NULL, NULL),
(463, 1, 73, 73, '', '<span style="text-decoration: line-through;">Еще баг автообновления списка тем: если отредактировано было первое сообщение темы, при загрузке его дата не забивается в maxTopicDate и по ней не происходит сортировка, вследствие чего первым же автоапдейтом данная тема прыгает вверх.</span><br><br>ИСПРАВЛЕНО<br>', '2011-04-21 16:35:22', '2011-05-18 12:18:51', 1, 1, NULL),
(464, 1, 48, 48, '', 'Начал прикручивать движок скинов и перерабатывать CSS. На данный момент на небольших экранах включена экономия места за счет убирания лишних промежутков.<br>', '2011-04-21 19:36:58', NULL, NULL, NULL, NULL),
(465, 14, 76, 76, '', '16', '2011-04-26 09:38:50', NULL, NULL, NULL, NULL),
(466, 14, 76, 76, '', 'В чем прикол я написал сообщение а появилось "16"?<div><br></div>', '2011-04-26 09:39:35', '2011-04-26 06:40:02', 14, NULL, NULL),
(467, 1, 76, 76, '', 'А что ты писал?<br>', '2011-04-26 09:45:06', NULL, NULL, NULL, NULL),
(468, 14, 76, 76, '', 'Я и забыл уже =) вроде хотел спросить как аватарку менять..<div><br></div>', '2011-04-26 14:29:49', '2011-04-26 11:30:58', 14, NULL, NULL),
(469, 1, 76, 76, '', 'Сейчас всё должно работать. То что ты наблюдал вероятно было следствием неполного аплоада скрипта после очередного редактирования.<br><br><div>А аватарка прописывается на gravatar.com и привязывается к мылу, на которое ты тут регался.</div>', '2011-04-26 15:56:13', '2011-04-26 14:14:33', 1, NULL, NULL),
(470, 1, 48, 48, '', 'Немного подрихтовал механизм редактирования заголовка темы<br>', '2011-04-27 01:17:14', '2011-05-18 12:40:03', 1, 1, NULL),
(471, 1, 0, 0, 'Планы: ближайшие', '1. Исправить: Автообновление списка тем не учитывает создание новой темы, удаления существующей.<div><br></div><div>2. Не проработана ситуация, когда кем-либо другим удаляется тема, загруженная пользователем в данный момент.</div><div><br></div><div>3. Темы не отмечаются непрочитанными при первичной загрузке.</div>', '2011-05-18 14:13:17', '2011-05-18 11:13:31', 1, 1, NULL),
(472, 1, 0, 0, 'Ближайшие планы<br>', '<div><b>Исправить:</b></div><div>1. Авто-обновление списка тем не учитывает создание новой темы, удаления существующей.</div><div><br></div><div>2. Не проработана ситуация, когда кем-либо другим удаляется тема, загруженная пользователем в данный момент.</div><div><br></div><div>3. Темы не отмечаются непрочитанными при первичной загрузке.</div><div><br></div><div>4. Поломался механизм создания темы (в базу отправляется, но ИФ не реагирует)</div><div><br></div><div>5. Только что удаленное сообщение вылазит в качестве нового</div><div><br></div><div>6. Непрочитанным отображается собственноручно&nbsp;отредактированное, или добавленное сообщение.</div><div><br></div><div>7. Непредсказуемые глюки в системе непрочитанности: непрочитанными отображаются давно прочитанные сообщения.</div><div><br></div><div>8. Двойной клик по сообщению пытается редактировать его даже когда режим редактирования уже запущен. (убрать событие)<br><br>9. Иногда исчезает кнопка изменения названия темы<br><br>10. Темы не обновляются в случае удаления сообщений, вследствие этого в \nслучае удаления последнего сообщения тема также не обновляется.<br><br><span style="font-weight: bold;">11. Прокрутка темы до последнего сообщения нужна только если человек уже читал эту тему хотя бы один раз!</span> (а это уже отслеживается ведь!)<br></div>', '2011-05-18 14:13:23', '2013-04-04 07:45:48', NULL, NULL, NULL),
(473, 1, 0, 0, 'Долгосрочные планы', '1. Система обозначения онлайн-оффлайн пользователя. Напрашивается решение при помощи динамических классов.<br><br>2. Выделение "активного" сообщения при клике на него. Обеспечить \nодновременное выделение только одного сообщения (или же стандартной \nсхемы с ctrl, shift). Выделять сообщение при переходе по ссылке на него.<br><br>3. Сделать возможность ссылаться на определенное место в тексте. В идеале \nскрипт запоминает и кодирует определенное количество символов начиная от\n точки начала выделения, а затем при передаче ссылки ищет эту комбинацию\n в тексте, создает возле нее временный динамический якорь и прокручивает\n просмотр к нему.<br><br>4. Продумать запоминание текущего места чтения темы пользователем - только \nдля него. Также продумать сочетание работы этого механизма с загрузкой \nвыделенного сообщения из хеша адресной строки<br><br>5. Сделать обработку горячих клавиш. Скорее всего придется делать общий "слушатель" клавиш и в нем писать все возможные варианты.<br><br>6. всплывающие подсказки в меню форматирования текста<br><br>7. сигнал о полученном сообщении(звуковой или графический)<br><br>8. Доделать аватары<br><br>9. сделать для активного поля какую-нибудь очевидную индикацию. А то, \nнапример, в новом файрфоксе активное поле никак не выделяется ', '2011-05-18 15:19:27', '2011-05-18 12:27:11', 1, NULL, NULL),
(474, 1, 0, 0, 'Вопрос: что делать с обновлением тем при удалении одного из сообщений', 'Предлагаю такое поведение: При удалении любого сообщения в теме обновление блока происходит (обновляется счетчик сообщений и при необходимости последнее сообщение) но блок не поднимается и не помечается непрочитанным.', '2011-05-18 16:19:43', NULL, NULL, NULL, NULL),
(475, 1, 472, 472, '', 'бздык<br>', '2011-05-19 10:58:19', '2011-08-18 10:46:35', 1, 1, NULL),
(476, 15, 472, 472, '', 'ололо<br><br>', '2011-05-19 10:59:09', NULL, NULL, NULL, NULL),
(477, 1, 472, 472, '', ':)<br>', '2011-05-19 10:59:24', NULL, NULL, NULL, NULL),
(478, 15, 76, 76, '', 'testing<br>', '2011-05-19 11:22:36', NULL, NULL, NULL, NULL),
(479, 1, 74, 74, NULL, 'трам<br>', '2011-06-15 01:58:18', '2011-06-16 12:57:10', 1, 1, NULL),
(480, 1, 74, 74, NULL, '111<br>', '2011-06-15 02:55:59', '2011-06-16 12:55:23', 1, 1, NULL),
(481, 1, 74, 74, NULL, 'ну и что это?<br>', '2011-06-15 02:58:18', '2011-06-16 12:52:35', 1, 1, NULL),
(482, 1, 74, 74, NULL, 'fdsfsf<br>', '2011-06-15 03:02:03', '2011-06-16 12:50:08', 1, 1, NULL),
(483, 1, 74, 74, NULL, 'дада. работаем.<br>', '2011-06-15 03:02:18', '2011-06-15 00:03:51', 1, 1, NULL),
(484, 1, 77, 77, NULL, 'sfsdfsfsfs<br>', '2011-06-16 16:00:40', '2011-06-16 13:00:49', 1, 1, NULL),
(485, 1, 76, 76, NULL, 'sfsdfsf<br>', '2011-06-16 17:17:44', '2011-07-14 13:59:31', 1, 1, NULL),
(486, 1, 77, 77, NULL, '111111<br>', '2011-06-16 17:26:11', '2011-06-22 13:27:12', 1, 1, NULL),
(487, 1, 77, 77, NULL, 'dfsfs<br>', '2011-06-16 17:29:52', '2011-06-16 14:30:46', 1, 1, NULL),
(488, 1, 77, 77, NULL, 'dfgdfd<br>', '2011-06-16 17:32:54', '2011-06-16 14:33:00', 1, 1, NULL),
(489, 1, 76, 76, NULL, '111111111111<br>', '2011-06-16 18:05:47', '2011-06-16 15:05:58', 1, 1, NULL),
(490, 1, 76, 76, NULL, 'ывавыаываыаыаы<br>', '2011-06-16 18:06:09', '2011-06-16 15:06:15', 1, 1, NULL),
(491, 1, 76, 76, NULL, 'новый ответ в теме<br>', '2011-06-22 20:57:17', '2011-07-14 13:59:28', 1, 1, NULL),
(492, 1, 77, 77, NULL, 'тест<br>', '2011-07-06 15:02:11', '2011-07-08 22:15:23', 1, 1, NULL),
(493, 1, 77, 77, NULL, 'Привет<br>', '2011-07-06 15:09:11', '2011-07-08 22:17:30', 1, 1, NULL),
(494, 1, 77, 77, NULL, 'zzzzzzzzzzzzzzzzz<br>', '2011-07-09 01:55:07', '2011-07-08 23:00:46', 1, 1, NULL),
(495, 1, 77, 77, NULL, 'buzz<br>', '2011-07-09 02:06:49', '2011-07-14 13:54:48', 1, 1, NULL),
(496, 1, 76, 76, NULL, 'третретреп<br>', '2011-07-09 03:12:55', '2011-07-14 13:59:24', 1, 1, NULL),
(497, 1, 77, 77, NULL, 'тралялял<br>', '2011-07-09 03:47:15', '2011-07-14 13:54:45', 1, 1, NULL),
(498, 1, 77, 77, NULL, 'трала<br>', '2011-07-13 02:12:58', '2011-07-14 13:54:40', 1, 1, NULL),
(499, 1, 77, 77, NULL, '111111', '2011-07-13 02:13:54', '2011-07-14 13:54:54', 1, 1, NULL),
(500, 1, 77, 77, NULL, 'sdfsfsfdsf', '2011-07-13 02:21:58', '2011-07-14 13:59:39', 1, 1, NULL),
(501, 1, 76, 76, NULL, 'пампам', '2011-07-13 03:16:10', '2011-07-14 13:59:22', 1, 1, NULL),
(502, 1, 0, 0, 'Тема', 'Сообщение<br>', '2011-07-13 03:17:18', '2011-07-13 00:17:55', 1, 1, NULL),
(503, 1, 0, 0, 'татйлтвф,ldnsa', 'dadasda', '2011-07-13 03:18:14', '2011-07-14 08:14:27', 1, 1, NULL),
(504, 1, 503, 503, NULL, 'Привет', '2011-07-14 10:28:45', '2011-07-14 07:35:10', NULL, NULL, NULL),
(505, 1, 0, 0, 'Тема', 'Трампам', '2011-07-14 12:51:47', '2011-07-14 10:12:00', 1, 1, NULL),
(506, 1, 0, 0, 'Новая тема 2', 'сообщение', '2011-07-14 12:57:26', '2011-07-14 10:13:27', 1, 1, NULL),
(507, 1, 0, 0, 'Новая тема 3', 'сообщение', '2011-07-14 13:02:46', '2011-07-14 10:14:01', 1, 1, NULL),
(508, 1, 0, 0, 'Тема', 'два!', '2011-07-14 16:41:52', '2011-07-14 13:51:31', 1, 1, NULL),
(509, 1, 0, 0, 'Тема три!', 'лалала', '2011-07-14 16:49:34', '2011-07-14 13:52:16', 1, 1, NULL),
(510, 1, 508, 508, '', 'сообщение в тему', '2011-07-14 16:51:13', NULL, NULL, NULL, NULL),
(511, 1, 509, 509, '', 'Сообщение, блин!', '2011-07-14 16:51:23', '2011-07-14 13:52:12', 1, 1, NULL),
(512, 1, 77, 77, '', 'Разделил бекенды. Проверяем работу :)', '2011-08-09 12:16:35', NULL, NULL, NULL, NULL),
(513, 1, 472, 472, '', 'test', '2011-08-18 14:33:26', NULL, NULL, NULL, NULL),
(514, 1, 77, 77, '', 'убрал дублирование общего начала пхп-скриптов<br>', '2011-10-08 10:50:27', NULL, NULL, NULL, NULL),
(515, 1, 77, 77, '', 'упс. не сохранил. а вот теперь проверяем<br>', '2011-10-08 10:51:25', NULL, NULL, NULL, NULL),
(516, 12, 77, 77, NULL, '<p>Вот тебе раз, заходишь в общалку хз какой давности, и что видишь? Правильно, Умку<br></p><p><br></p>', '2013-04-12 12:54:40', NULL, NULL, NULL, NULL),
(517, 12, 76, 76, NULL, 'Гаяр! Здрасьте, рада видеть. (это не сарказм)', '2013-04-12 12:58:41', NULL, NULL, NULL, NULL),
(518, 12, 73, 73, NULL, 'Горячую клавишу для ввода сообщения, очень.', '2013-04-12 13:01:01', '2013-04-12 10:01:10', 12, NULL, NULL),
(519, 18, 76, 76, NULL, '<p>Ку. Сразу же: постоянное обновление всей подгружаемой инфы периодически подсвапливает и как результат - есть фризы в процессе ввода текста. И сам текст в поле для ввода постоянно любит центритроваться или вставлять строку перед текстом...</p>', '2013-05-31 12:01:13', NULL, NULL, NULL, NULL),
(520, 18, 76, 76, NULL, 'Без строки.', '2013-05-31 12:01:27', NULL, NULL, NULL, NULL),
(521, 18, 76, 76, NULL, '<p>Со сторокой. Разница очевидна</p>', '2013-05-31 12:01:43', '2013-05-31 09:02:03', 18, NULL, NULL),
(522, 1, 76, 76, NULL, 'Пробую. Без строки', '2013-05-31 12:45:06', NULL, NULL, NULL, NULL),
(523, 1, 76, 76, NULL, '<p>Пробую. Со строкой.</p>', '2013-05-31 12:45:17', NULL, NULL, NULL, NULL),
(524, 1, 76, 76, NULL, 'Похоже на глюк визивига. На дев-версии его нет, ты и там умудрился это поймать?', '2013-05-31 12:45:50', NULL, NULL, NULL, NULL),
(525, 18, 76, 76, NULL, '<p>Да</p><p>&nbsp;</p>', '2013-05-31 14:04:11', NULL, NULL, NULL, NULL),
(526, 18, 76, 76, NULL, '<p>Непонял...</p><p>&nbsp;</p><p>&nbsp;</p><p>&nbsp;</p><p>&nbsp;</p><p>&nbsp;</p><p>&nbsp;</p><p>&nbsp;</p><p>&nbsp;</p><p>&nbsp;</p><p>&nbsp;</p><p>&nbsp;</p>', '2013-05-31 14:04:24', NULL, NULL, NULL, NULL),
(527, 18, 76, 76, NULL, '<p>&nbsp;</p><p>&nbsp;</p><p>&nbsp;</p><p>&nbsp;</p><p>&nbsp;</p><p>&nbsp;</p><p>&nbsp;</p><p>&nbsp;</p><p>&nbsp;</p><p>&nbsp;</p><p>&nbsp;</p><p>&nbsp;</p><p>О жизнь малина....</p>', '2013-05-31 14:04:39', NULL, NULL, NULL, NULL),
(528, 1, 76, 76, NULL, 'Любое количество лайнбрейков принимает? Ну да)))', '2013-06-03 12:04:31', NULL, NULL, NULL, NULL),
(529, 1, 0, 0, 'Проверка работоспособности создания тем', 'Проба', '2013-06-06 12:42:50', NULL, NULL, NULL, NULL),
(530, 1, 529, 529, NULL, 'Проба прошла :)', '2013-06-06 12:43:02', NULL, NULL, NULL, NULL),
(531, 1, 0, 0, 'Тестовая тема 1', 'Тестовая тема 1', '2013-06-28 14:57:15', NULL, NULL, NULL, NULL);

-- --------------------------------------------------------

--
-- Структура таблицы `jawi_tagmap`
--

CREATE TABLE IF NOT EXISTS `jawi_tagmap` (
  `message` bigint(20) unsigned NOT NULL,
  `tag` int(10) unsigned NOT NULL,
  KEY `message` (`message`,`tag`)
) ENGINE=InnoDB DEFAULT CHARSET=utf8;

--
-- Дамп данных таблицы `jawi_tagmap`
--

INSERT INTO `jawi_tagmap` (`message`, `tag`) VALUES
(48, 1),
(48, 2),
(381, 1),
(472, 1),
(474, 1),
(474, 2);

-- --------------------------------------------------------

--
-- Структура таблицы `jawi_tags`
--

CREATE TABLE IF NOT EXISTS `jawi_tags` (
  `id` int(10) unsigned NOT NULL AUTO_INCREMENT,
  `name` varchar(20) NOT NULL,
  `type` varchar(10) NOT NULL,
  `strict` int(10) unsigned DEFAULT NULL COMMENT 'привязка к сообществу для внутренних тегов',
  PRIMARY KEY (`id`)
) ENGINE=InnoDB  DEFAULT CHARSET=utf8 AUTO_INCREMENT=3 ;

--
-- Дамп данных таблицы `jawi_tags`
--

INSERT INTO `jawi_tags` (`id`, `name`, `type`, `strict`) VALUES
(1, 'ulticomm', 'user', NULL),
(2, 'разработка', 'user', NULL);

-- --------------------------------------------------------

--
-- Структура таблицы `jawi_unread`
--

CREATE TABLE IF NOT EXISTS `jawi_unread` (
  `id` bigint(20) unsigned NOT NULL AUTO_INCREMENT,
  `user` int(10) unsigned NOT NULL,
  `topic` bigint(20) unsigned NOT NULL,
  `timestamp` timestamp NOT NULL DEFAULT '0000-00-00 00:00:00',
  PRIMARY KEY (`id`),
  KEY `unr_topic` (`topic`),
  KEY `unr_user` (`user`)
) ENGINE=InnoDB  DEFAULT CHARSET=utf8 AUTO_INCREMENT=78 ;

--
-- Дамп данных таблицы `jawi_unread`
--

INSERT INTO `jawi_unread` (`id`, `user`, `topic`, `timestamp`) VALUES
(1, 1, 77, '2013-05-31 09:46:02'),
(2, 1, 76, '2013-06-05 11:01:32'),
(3, 1, 379, '2011-05-02 12:47:10'),
(4, 1, 73, '2013-05-31 09:45:56'),
(5, 1, 74, '2011-04-19 18:05:57'),
(6, 1, 48, '2011-05-18 12:40:52'),
(7, 1, 381, '2011-07-23 13:20:18'),
(8, 12, 77, '2011-04-07 23:35:45'),
(9, 12, 76, '2011-04-08 10:57:05'),
(10, 12, 73, '2011-04-13 21:46:43'),
(11, 12, 48, '2011-04-13 21:46:30'),
(12, 12, 379, '2011-04-07 23:09:28'),
(13, 4, 381, '2011-04-24 22:06:40'),
(14, 4, 379, '2011-04-24 22:06:07'),
(15, 12, 381, '2011-04-07 23:30:03'),
(16, 1, 0, '2011-04-08 07:31:36'),
(17, 12, 74, '2011-04-13 17:11:07'),
(18, 4, 48, '2011-05-19 07:42:54'),
(19, 4, 73, '2011-05-02 12:41:01'),
(20, 4, 74, '2011-04-24 22:06:02'),
(21, 4, 76, '2011-05-02 12:40:46'),
(22, 4, 77, '2011-04-24 22:06:14'),
(23, 14, 77, '2011-04-26 06:29:12'),
(24, 14, 74, '2011-04-26 06:36:34'),
(25, 14, 76, '2011-04-26 06:36:51'),
(26, 14, 48, '2011-04-26 06:43:19'),
(27, 14, 379, '2011-04-26 11:31:31'),
(28, 14, 381, '2011-04-26 11:34:52'),
(29, 14, 73, '2011-04-27 08:29:17'),
(30, 7, 73, '2011-05-01 15:07:02'),
(31, 1, 475, '2011-05-12 06:55:37'),
(32, 1, 471, '2011-05-18 11:13:28'),
(33, 1, 472, '2013-05-31 09:46:09'),
(34, 1, 473, '2011-05-18 12:41:41'),
(35, 1, 474, '2011-05-18 13:20:19'),
(36, 4, 474, '2011-05-19 07:36:33'),
(37, 4, 472, '2011-05-19 07:36:34'),
(38, 4, 473, '2011-05-19 07:37:05'),
(39, 15, 474, '2011-05-19 07:56:05'),
(40, 15, 48, '2011-05-19 07:56:10'),
(41, 15, 473, '2011-05-19 07:57:12'),
(42, 15, 76, '2011-05-19 07:57:20'),
(43, 15, 472, '2011-05-19 08:01:01'),
(44, 15, 73, '2011-05-19 08:06:15'),
(45, 7, 474, '2011-05-30 10:57:23'),
(46, 7, 473, '2011-05-30 10:59:36'),
(47, 7, 76, '2011-05-30 11:00:23'),
(48, 7, 472, '2011-05-30 11:08:22'),
(49, 16, 74, '2011-06-05 19:30:29'),
(50, 16, 473, '2011-06-05 19:30:45'),
(51, 16, 76, '2011-06-05 19:32:32'),
(52, 16, 472, '2011-06-05 19:33:55'),
(53, 16, 48, '2011-06-06 05:06:20'),
(54, 16, 73, '2011-06-06 10:01:50'),
(55, 16, 474, '2011-06-06 10:02:42'),
(56, 16, 77, '2011-06-06 10:02:55'),
(57, 1, 502, '2011-07-13 00:17:40'),
(58, 1, 503, '2011-07-14 08:14:10'),
(59, 1, 505, '2011-07-14 10:02:16'),
(60, 1, 506, '2011-07-14 10:02:19'),
(61, 1, 507, '2011-07-14 10:13:58'),
(62, 1, 508, '2011-07-14 13:49:22'),
(63, 1, 509, '2011-07-14 13:49:34'),
(64, 18, 74, '2013-05-31 08:58:58'),
(65, 18, 76, '2013-05-31 08:59:04'),
(66, 18, 472, '2013-05-31 09:47:54'),
(67, 18, 77, '2013-05-31 11:03:30'),
(68, 18, 73, '2013-05-31 11:03:52'),
(69, 19, 472, '2013-06-04 13:19:00'),
(70, 18, 381, '2013-06-04 14:26:27'),
(71, 18, 474, '2013-06-04 14:26:44'),
(72, 18, 48, '2013-06-04 14:26:52'),
(73, 18, 473, '2013-06-04 14:26:57'),
(74, 1, 529, '2013-06-06 09:43:33'),
(75, 19, 73, '2013-06-12 08:55:12'),
(76, 19, 76, '2013-06-12 08:55:15'),
(77, 1, 531, '2013-06-28 11:57:15');

-- --------------------------------------------------------

--
-- Структура таблицы `jawi_users`
--

CREATE TABLE IF NOT EXISTS `jawi_users` (
  `id` int(10) unsigned NOT NULL AUTO_INCREMENT,
  `login` varchar(16) CHARACTER SET latin1 COLLATE latin1_general_ci NOT NULL,
  `email` varchar(128) CHARACTER SET latin1 COLLATE latin1_general_ci NOT NULL,
  `hash` varchar(128) CHARACTER SET latin1 COLLATE latin1_general_ci NOT NULL,
  `reg_date` datetime NOT NULL DEFAULT '0000-00-00 00:00:00',
  `approved` tinyint(1) unsigned DEFAULT NULL,
  PRIMARY KEY (`id`),
  UNIQUE KEY `usr_email` (`email`)
) ENGINE=InnoDB  DEFAULT CHARSET=utf8 AUTO_INCREMENT=20 ;

--
-- Дамп данных таблицы `jawi_users`
--

INSERT INTO `jawi_users` (`id`, `login`, `email`, `hash`, `reg_date`, `approved`) VALUES
(1, 'lerayne', 'lerayne@gmail.com', '062ac7c968833af0f79b2ff4a9de644e', '2010-03-12 15:48:00', 1),
(4, 'takeda', 'kai.takeda@gmail.com', 'd8578edf8458ce06fbc5bb76a58c5ca4', '2011-04-01 03:15:36', 1),
(6, 'Krakoruk', 'krakoruk@gmail.com', 'b224059e00fb0650bbda0c4ad7c40f3d', '2011-04-01 11:04:25', 1),
(7, 'Julia', 'tanima.yuri@gmail.com', '2c2e92b215948e3b46925804f6007b8a', '2011-04-04 00:00:34', 1),
(8, 'test', 'kai.takeda@yahoo.com', 'd8578edf8458ce06fbc5bb76a58c5ca4', '2011-04-04 18:34:10', NULL),
(9, 'kettel', 'kettel@yandex.ru', '9e61763dd126a5f3b9ef276504025b95', '2011-04-04 18:34:53', 1),
(10, 'karterfree', 'karterfree@gmail.com', 'a152e841783914146e4bcd4f39100686', '2011-04-05 12:01:07', 1),
(11, 'lokkie', 'lokkie@wwegroup.info', '57d4bd5a9f7f4a988e77a1c49f8baa17', '2011-04-05 16:28:09', 1),
(12, 'Integra', 'juliav20@gmail.com', 'adb00236071c05878eaeec5b3b96103d', '2011-04-08 01:11:14', 1),
(13, 'kastaneda', 'kastaneda@gmail.com', '3fc0a7acf087f549ac2b266baf94b8b1', '2011-04-12 11:12:57', 1),
(14, 'guayard', 'guayard@gmail.com', '228822ea0c419772c37c6bf563fe24c4', '2011-04-26 09:24:15', 1),
(15, 'naso', 'asya_pustota@inbox.ru', '1d86924a6a0dcbfb731ea41460c76424', '2011-05-19 10:55:03', 1),
(16, 'leon', 'dinoel.zik@gmail.com', '2811f88baed57b2a403dfb5bc2e1e80a', '2011-06-05 22:28:39', 1),
(17, 'hjgbox', 'jajax@qq.com', 'ddca83bfcddd4201205375160d900472', '2013-05-23 12:36:53', NULL),
(18, 'lopar', 'lopar.4ever@gmail.com', '8214859f0f718a24e3189eb818088fb7', '2013-05-31 11:53:53', 1),
(19, 'user2', 'myegorov@anromsocial.com', '22c524e28a6b3a5ad0329de7b7004624', '2013-06-04 16:17:33', 1);

-- --------------------------------------------------------

--
-- Структура таблицы `jawi_user_settings`
--

CREATE TABLE IF NOT EXISTS `jawi_user_settings` (
  `user_id` int(10) unsigned NOT NULL,
  `use_gravatar` tinyint(1) unsigned NOT NULL DEFAULT '1',
  KEY `user_id` (`user_id`)
) ENGINE=InnoDB DEFAULT CHARSET=utf8;

--
-- Дамп данных таблицы `jawi_user_settings`
--

INSERT INTO `jawi_user_settings` (`user_id`, `use_gravatar`) VALUES
(1, 1),
(4, 1),
(4, 1),
(4, 1),
(4, 1),
(6, 1),
(7, 1),
(9, 1),
(10, 1),
(11, 1),
(12, 1),
(13, 1),
(14, 1),
(15, 1),
(16, 1);

-- --------------------------------------------------------

--
-- Структура таблицы `tinng_messages`
--

CREATE TABLE IF NOT EXISTS `tinng_messages` (
  `id` bigint(20) unsigned NOT NULL AUTO_INCREMENT,
  `author_id` int(10) unsigned NOT NULL,
  `parent_id` bigint(20) unsigned DEFAULT NULL,
  `topic_id` bigint(20) unsigned DEFAULT NULL,
  `topic_name` varchar(255) DEFAULT NULL,
  `message` text NOT NULL,
  `created` datetime NOT NULL DEFAULT '0000-00-00 00:00:00',
  `modified` timestamp NULL DEFAULT NULL,
  `modifier` int(10) unsigned DEFAULT NULL,
  `deleted` tinyint(1) unsigned DEFAULT NULL,
  `locked` tinyint(1) unsigned DEFAULT NULL,
  PRIMARY KEY (`id`),
  KEY `msg_parent` (`parent_id`),
  KEY `msg_author` (`author_id`),
  KEY `msg_topic_id` (`topic_id`)
) ENGINE=InnoDB  DEFAULT CHARSET=utf8 AUTO_INCREMENT=714 ;

--
-- Дамп данных таблицы `tinng_messages`
--

INSERT INTO `tinng_messages` (`id`, `author_id`, `parent_id`, `topic_id`, `topic_name`, `message`, `created`, `modified`, `modifier`, `deleted`, `locked`) VALUES
(48, 1, 0, 0, 'Обновления', 'Тут я буду писать все существенные обновления движка.&nbsp;<br><div><br></div><div>UPD: Почистил тему, т.к. большинство новостей касались предыдущей реализации.</div>', '2010-03-24 15:59:00', '2013-07-23 11:03:23', 0, 1, NULL),
(73, 1, 0, 0, 'Книга жалоб и предубеждений :)<br>', 'Основное обсуждение работы сервиса<br>', '2010-03-26 00:16:58', '2013-07-23 11:03:04', 0, NULL, 1),
(74, 1, 0, 0, 'Еще одна тема для багов и обсуждения', 'Решили пока-что сделать чтоб работало по прямой<br>', '2010-03-26 00:31:52', '2013-07-23 11:00:25', 0, NULL, NULL),
(76, 1, 0, 0, 'Тема для пустого трепа', 'Тут можно пообщаться, наверное :) ....<br>', '2010-03-26 00:36:39', '2013-07-23 10:59:54', 0, NULL, NULL),
(77, 1, 0, 0, 'Тест длинных тем. Пишем любые сообщения', 'Сообщение 5. Та-дам! (Заглавное)<br>', '2010-03-26 00:38:45', '2013-11-16 10:26:16', 1, NULL, NULL),
(78, 1, 77, 77, '', 'Сообщение, однако :)', '2010-04-06 11:00:36', NULL, NULL, NULL, NULL),
(79, 1, 78, 78, '', 'dfgd', '2010-04-06 11:00:52', NULL, NULL, NULL, NULL),
(80, 1, 77, 77, '', 'Новая месага!', '2011-03-04 18:21:41', NULL, NULL, NULL, NULL),
(81, 1, 77, 77, '', 'Еще одна!', '2011-03-04 18:24:39', NULL, NULL, NULL, NULL),
(82, 1, 77, 77, '', 'Ну вот, теперь можно уже более-менее осмысленные вещи делать :)', '2011-03-04 18:25:08', NULL, NULL, NULL, NULL),
(83, 1, 77, 77, '', 'Глянь как можно :)', '2011-03-04 18:29:30', NULL, NULL, NULL, NULL),
(85, 1, 77, 77, '', 'Чёто он был пустой    ', '2011-03-04 18:33:32', '2011-03-17 07:56:08', 1, NULL, NULL),
(86, 1, 77, 77, '', 'во-от!', '2011-03-04 18:34:08', NULL, NULL, NULL, NULL),
(87, 1, 77, 77, '', 'только ж не сообщение № такой-то, а тема №...', '2011-03-04 18:47:14', NULL, NULL, NULL, NULL),
(88, 1, 77, 77, '', 'Это старые названия, тогда тем еще не было, а сообщения от них остались :)', '2011-03-04 18:48:46', NULL, NULL, NULL, NULL),
(89, 1, 77, 77, '', 'Еще парочка сообщений в этой теме и будет достаточно :)', '2011-03-05 00:28:15', NULL, NULL, NULL, NULL),
(90, 1, 77, 77, '', 'Например я когда с ноута пишу, у меня уже прокрутка появляется :)', '2011-03-05 00:28:51', NULL, NULL, NULL, NULL),
(91, 1, 77, 77, '', 'Проба троббера', '2011-03-05 00:33:32', NULL, NULL, NULL, NULL),
(92, 1, 77, 77, '', 'НЕ получается троббер', '2011-03-05 00:33:45', NULL, NULL, NULL, NULL),
(93, 1, 77, 77, '', 'Слишком быстро отрабатывает. Надо искуственно замедлить.\n', '2011-03-05 00:35:13', NULL, NULL, NULL, NULL),
(94, 1, 77, 77, '', 'Попробуем так:\n', '2011-03-05 00:37:05', NULL, NULL, NULL, NULL),
(95, 1, 77, 77, '', 'Текст с задержкой', '2011-03-05 00:39:25', NULL, NULL, NULL, NULL),
(96, 1, 77, 77, '', 'Ещё раз', '2011-03-05 00:40:01', NULL, NULL, NULL, NULL),
(97, 1, 77, 77, '', 'Еще раз', '2011-03-05 00:42:09', NULL, NULL, NULL, NULL),
(98, 1, 77, 77, '', 'И еще разочек', '2011-03-05 00:43:06', NULL, NULL, NULL, NULL),
(99, 1, 77, 77, '', 'Как вам такой вариант ?', '2011-03-05 00:43:34', NULL, NULL, NULL, NULL),
(100, 1, 77, 77, '', 'Пост номер 100, к которому скроллимся<br>', '2011-03-05 01:01:55', '2011-03-17 07:34:21', 1, NULL, NULL),
(101, 1, 77, 77, '', 'ну ну ', '2011-03-05 01:02:18', NULL, NULL, NULL, NULL),
(102, 1, 77, 77, '', 'Это уже ближе к делу', '2011-03-05 01:03:04', NULL, NULL, NULL, NULL),
(110, 1, 77, 77, '', 'Почему не работают хоткеи в хроме?', '2011-03-05 03:32:45', NULL, NULL, NULL, NULL),
(114, 1, 74, 74, '', 'Очень удобный, а главное быстрый визивиг, кстати. :)<br><br>', '2011-03-05 04:10:40', NULL, NULL, NULL, NULL),
(119, 1, 77, 77, '', 'Наилучшим образом всё устроил :)<br>', '2011-03-05 04:53:05', NULL, NULL, NULL, NULL),
(120, 1, 74, 74, '', 'Ога, поддерживаю :) ^)<br>', '2011-03-05 12:24:18', '2011-03-18 17:30:23', 1, NULL, NULL),
(121, 1, 77, 77, '', 'Но хоткеи в хроме таки надо починить<br>', '2011-03-05 12:45:52', NULL, NULL, NULL, NULL),
(122, 1, 77, 77, '', 'Охохо! Март 2010!..<br>', '2011-03-06 15:32:41', '2011-03-26 00:14:04', 1, NULL, NULL),
(123, 1, 77, 77, '', 'Только <br>', '2011-03-06 15:32:53', NULL, NULL, NULL, NULL),
(124, 1, 77, 77, '', 'Это кто? Подпишись, пока я регистрацию не сделал :)<br>', '2011-03-08 01:39:27', '2011-03-26 00:13:35', 1, 1, NULL),
(125, 1, 77, 77, '', 'Блин! Март! Это же год назад.. <br>Типа весной и осенью - обострения :) у програмеров<br>', '2011-03-08 01:40:16', NULL, NULL, NULL, NULL),
(135, 1, 74, 74, '', 'Пока отсчитывается 20 секунд, мы тут отправим пост<br>', '2011-03-08 03:01:31', NULL, NULL, NULL, NULL),
(136, 1, 74, 74, '', 'Ну вот я типа пишу новый пост. Отслеживаю изменения.<br>', '2011-03-08 03:16:57', NULL, NULL, NULL, NULL),
(137, 1, 74, 74, '', 'Пока получается :)<br>', '2011-03-08 03:21:26', NULL, NULL, NULL, NULL),
(138, 1, 74, 74, '', 'ЭЙ! Я же написал новый пост. Почему следилка не реагирует?<br>', '2011-03-08 03:22:17', '2011-03-23 21:03:12', 1, NULL, NULL),
(139, 1, 74, 74, '', 'угнать за 30 сек<br>', '2011-03-08 03:23:41', NULL, NULL, NULL, NULL),
(144, 1, 77, 77, '', 'Новое<br>', '2011-03-10 17:08:18', NULL, NULL, NULL, NULL),
(145, 1, 48, 48, '', 'Заработало удаление единичных сообщений. Групповое удаление скорее всего будет реализовано с полной перезагрузкой темы<br>', '2011-03-11 13:23:46', '2011-05-18 12:32:08', 1, 1, NULL),
(147, 1, 48, 48, '', 'Заработало редактирование сообщений<br>', '2011-03-11 14:25:05', '2011-05-18 12:32:11', 1, 1, NULL),
(149, 1, 77, 77, '', 'а тут ещё кто-то, кроме нас, пишет? Интерееесно :)<br>', '2011-03-11 20:47:51', NULL, NULL, NULL, NULL),
(152, 1, 77, 77, '', '<div>Donec libero massa, gravida in pretium a, interdum quis sem. In vulputate gravida turpis, gravida malesuada ligula venenatis nec. Vestibulum vel facilisis lectus. Suspendisse a erat vel mi ullamcorper tempor. Fusce vitae eros odio, a fringilla velit. Sed eu sapien nec leo bibendum egestas. Aenean ornare nisl sed nibh suscipit mattis. Ut sed adipiscing neque. Vestibulum consequat sem vitae velit fringilla ullamcorper. Proin vitae est fringilla turpis ultricies tristique a nec ipsum.</div><div><br></div><div>Sed vel magna sit amet lorem consequat tincidunt. Praesent vel tellus sem. In imperdiet, neque pulvinar ornare scelerisque, tortor dolor pellentesque enim, ut aliquet turpis sem id orci. Cras orci velit, rutrum ac tincidunt eget, gravida a eros. Suspendisse vestibulum ante in quam interdum sodales. Ut consectetur ornare sapien, sed gravida est mollis at. Sed eu orci sem. Nullam tempor magna non velit aliquet sed auctor lacus venenatis. Phasellus interdum semper arcu, at congue sapien hendrerit non. Morbi varius tristique lobortis. Morbi quis eros lorem. Nullam ut nisi est.</div><div><br></div><div style="font-weight: bold;">Сгенерировано 15 абзацев, 1859 слов, 12487 байтов Lorem Ipsum</div>', '2011-03-13 16:41:29', '2011-03-19 18:41:19', 1, NULL, NULL),
(193, 1, 48, 48, '', 'Некоторые параметры теперь запоминаются в куках:<br><ul><li>Ширина колонок и их свернутость</li><li style="text-decoration: line-through;">Текущая загруженная тема</li><li>Состояние панели отладки</li></ul>', '2011-03-16 14:48:33', '2011-05-18 12:32:15', 1, 1, NULL),
(194, 1, 48, 48, '', 'Текущая тема загружается не из куки, а из хеша строки запроса (то что после #)<br>Таким образом можно давать ссылки на темы.<br>', '2011-03-16 19:26:38', '2011-05-18 12:32:22', 1, 1, NULL),
(196, 1, 48, 48, '', 'По клику на сообщение формируется ссылка на него в адресной строке. Переход по ссылке работает.<br>', '2011-03-17 10:19:11', '2011-05-18 12:32:26', 1, 1, NULL),
(197, 1, 73, 73, '', 'Выделение "активного" сообщения при клике на него. Обеспечить одновременное выделение только одного сообщения (или же стандартной схемы с ctrl, shift). Выделять сообщение при переходе по ссылке на него.<br>', '2011-03-17 10:20:56', '2011-05-18 12:23:55', 1, 1, NULL),
(198, 1, 73, 73, '', 'Сделать возможность ссылаться на определенное место в тексте. В идеале скрипт запоминает и кодирует определенное количество символов начиная от точки начала выделения, а затем при передаче ссылки ищет эту комбинацию в тексте, создает возле нее временный динамический якорь и прокручивает просмотр к нему.<br>', '2011-03-17 10:24:55', '2011-05-18 12:24:03', 1, 1, NULL),
(199, 1, 73, 73, '', 'Продумать запоминание текущего места чтения темы пользователем - только для него. Также продумать сочетание работы этого механизма с загрузкой выделенного сообщения из хеша адресной строки<br>', '2011-03-17 10:40:46', '2011-05-18 12:24:09', 1, 1, NULL),
(200, 1, 48, 48, '', 'Сообщение можно редактировать двойным кликом на нём<br>', '2011-03-17 10:42:09', '2011-05-18 12:33:30', 1, 1, NULL),
(201, 1, 73, 73, '', 'Сделать обработку горячих клавиш. Скорее всего придется делать общий "слушатель" клавиш и в нем писать все возможные варианты.<br>', '2011-03-17 10:42:26', '2011-05-18 12:24:13', 1, 1, NULL),
(202, 1, 73, 73, '', '<span style="font-weight: bold;"></span><span style="text-decoration: line-through;">Сделать наконец механизм регистрации и авторизации, а также автообновлялку, чтобы можно было общаться здесь с другими людьми хотя-бы в линию.</span><br><br>СДЕЛАНО<br>', '2011-03-17 10:44:52', '2011-05-18 12:24:17', 1, 1, NULL),
(203, 1, 48, 48, '', 'Реализовал поддержку граватаров и место для аватаров вообще. Аватары в системе используются размером 48*48 пикселей, но в профиле пользователя можно будет увидеть полный размер (100*100 скорее всего)<br>', '2011-03-17 13:27:40', '2011-05-18 12:33:34', 1, 1, NULL),
(211, 1, 77, 77, '', 'и еще 2', '2011-03-18 14:21:58', '2011-03-26 00:16:01', 1, 1, NULL),
(213, 1, 74, 74, '', 'Проба<br>', '2011-03-19 16:50:02', NULL, NULL, NULL, NULL),
(222, 1, 73, 73, '', 'сделать для активного поля какую-нибудь очевидную индикацию. А то, \nнапример, в новом файрфоксе активное поле никак не выделяется ', '2011-03-20 02:14:58', '2011-05-18 12:27:25', 1, 1, NULL),
(223, 1, 73, 73, '', 'Бага: при добавлении нового сообщения в конец прокрутка не прокручивается до него', '2011-03-20 02:32:26', '2011-05-18 12:24:25', 1, 1, NULL),
(232, 1, 73, 73, '', '<p>Хотелось бы видеть какие-то сведения о прогрессе «дозагрузки». Ибо смотреть на крутящиеся вещи — занятно только до поры-до времени.</p><p><br></p><p>Это (кстати) одно из того (что раздражает во многих текущих ajax''овых вещах).</p>', '2011-03-24 04:52:36', '2011-05-01 15:10:59', 1, 1, NULL),
(233, 1, 73, 73, '', 'По идее прогресс дозагрузки осуществляется довольно быстро. Прогрессбар осуществить можно только тогда, когда дозагрузка осуществляется в несколько ajax-запросов. Если запрос один, прогрессбар можно только симулировать, ибо как скоро браузер получит ответ от сервера - никто не знает, а когда он его получил, обновление контента происходит в считанные милисекунды.<br>', '2011-03-24 12:44:05', '2011-05-01 15:11:08', 1, 1, NULL),
(234, 1, 76, 76, '', 'Отвечаю', '2011-03-25 15:50:20', '2011-03-25 13:54:45', 1, 1, NULL),
(235, 1, 76, 76, '', 'Еще раз отвечаю', '2011-03-25 15:50:59', '2011-03-25 13:52:49', 1, 1, NULL),
(236, 1, 76, 76, '', 'Блин, шо за фигня?<div><br></div>', '2011-03-25 15:52:01', '2011-03-25 14:08:47', 1, 1, NULL),
(237, 1, 76, 76, '', 'А вот это уже ответ', '2011-03-25 15:55:31', '2011-03-25 15:04:13', 1, 1, NULL),
(238, 1, 76, 76, '', 'И еще один ответ', '2011-03-25 16:01:41', '2011-03-25 14:02:47', 1, 1, NULL),
(239, 1, 76, 76, '', 'Еще раз, блин!!!!', '2011-03-25 16:06:26', '2011-03-25 14:30:49', 1, 1, NULL),
(240, 1, 76, 76, '', 'Добавляем сообщение', '2011-03-25 16:25:42', '2011-03-25 15:03:37', 1, 1, NULL),
(241, 1, 76, 76, '', 'Ответ в тему', '2011-03-25 16:31:23', '2011-03-25 15:03:35', 1, 1, NULL),
(242, 1, 76, 76, '', 'Какой-то нормальный пост', '2011-03-25 16:34:28', '2011-03-25 15:03:33', 1, 1, NULL),
(243, 1, 76, 76, '', '<div>dsfssdsf</div>', '2011-03-25 16:35:13', '2011-03-25 15:03:30', 1, 1, NULL),
(244, 1, 76, 76, '', 'Странный баг, но пока не ловится', '2011-03-25 16:35:38', '2011-03-25 15:03:28', 1, 1, NULL),
(245, 1, 76, 76, '', 'трампампам', '2011-03-25 17:09:20', '2011-03-25 15:09:36', 1, 1, NULL),
(246, 1, 76, 76, '', 'привет, Миша<br>', '2011-03-25 17:11:00', NULL, NULL, NULL, NULL),
(247, 1, 76, 76, '', 'Так долго писала такое короткое сообщение?<br>', '2011-03-25 17:11:15', NULL, NULL, NULL, NULL),
(248, 1, 76, 76, '', 'меня таращит. медленно набираю<br>', '2011-03-25 17:11:35', NULL, NULL, NULL, NULL),
(249, 1, 76, 76, '', 'Шо случилось?<br>', '2011-03-25 17:11:49', NULL, NULL, NULL, NULL),
(250, 1, 76, 76, '', 'та хз. толи погода, толи заболела(((<br>', '2011-03-25 17:12:15', NULL, NULL, NULL, NULL),
(251, 1, 76, 76, '', 'Темпаературу померяй :)<br>У нас по моему даже где-то в офисе был градусник<br>', '2011-03-25 17:12:48', NULL, NULL, NULL, NULL),
(252, 1, 76, 76, '', 'та ладно. уже скоро домой. меня заберут на тачке<br>', '2011-03-25 17:13:24', '2011-03-25 15:14:20', 1, 1, NULL),
(253, 1, 76, 76, '', 'Оу. Ну, прикольно, не спорю. <br><br>Слушай, а попробуй сообщение удалить какое нибудь.<br>', '2011-03-25 17:14:00', NULL, NULL, NULL, NULL),
(254, 1, 48, 48, '', 'Сделал автообновление. Осталось регистрацию/авторизацию и можно тестить<br>', '2011-03-25 17:19:42', '2011-05-18 12:33:38', 1, 1, NULL),
(255, 1, 73, 73, '', '1. всплывающие подсказки в меню форматирования текста<br>2. сигнал о полученном сообщении(звуковой или графический)<br>', '2011-03-25 17:20:32', '2011-05-18 12:24:59', 1, 1, NULL),
(256, 1, 73, 73, '', 'Спасибо :)<br><br>Еще: увеличение времени ожидания waiter-а когда вкладка неактивна, или браузер свернут.<br>', '2011-03-25 17:22:57', '2011-04-01 10:01:09', 1, 1, NULL),
(257, 1, 76, 76, '', 'вфыавыавыаыаы', '2011-03-25 17:28:13', '2011-03-26 00:48:43', 1, 1, NULL),
(258, 1, 76, 76, '', 'блабла<br>', '2011-03-25 17:28:22', '2011-03-26 00:48:38', 1, 1, NULL),
(259, 1, 77, 77, '', 'Бла бла вап ва пвп вп вапвапвап<br>', '2011-03-26 02:14:29', '2011-03-26 00:17:41', 1, 1, NULL),
(260, 1, 74, 74, '', '<div style="text-align: left;">TACENDA - HIDING</div><div><br></div><div>oh, last night I dreamt of a place (land)</div><div>...</div><div>medicine is keeping people sick</div><div>and the tracher''s work is to limit you</div><div><br></div><blockquote class="webkit-indent-blockquote" style="margin: 0 0 0 40px; border: none; padding: 0px;">then I woke up,&nbsp;crying out loud<div>broken with all I have known</div><div>''cause they''re showing me things I can live without</div><div>''nd hiding what had to be shown</div><div><br></div><div>I will highlight the things they were hiding tight</div><div><br></div><div>We can highlight the things they were hiding tight</div></blockquote><div><div><br></div></div>', '2011-03-30 13:42:41', '2011-03-31 19:40:23', 1, 1, NULL),
(261, 4, 76, 76, '', 'А ну ка, попробуем попостить под вторым акком :)<br>', '2011-04-01 03:48:42', '2011-04-01 01:02:16', 4, 1, NULL),
(262, 4, 76, 76, '', 'Что за хрень?<br>', '2011-04-01 03:54:38', '2011-04-01 00:57:33', 4, 1, NULL),
(263, 4, 76, 76, '', 'Блин, чтё за...<br>', '2011-04-01 03:57:53', '2011-04-01 01:02:11', 4, 1, NULL),
(264, 4, 76, 76, '', 'Ыыыыыы<br>', '2011-04-01 04:02:29', NULL, NULL, NULL, NULL),
(265, 4, 76, 76, '', 'ОК. Что теперь?<br>', '2011-04-01 04:14:44', NULL, NULL, NULL, NULL),
(266, 1, 76, 76, '', 'Ну давай поговорим, что ли :)', '2011-04-01 04:29:42', NULL, NULL, NULL, NULL),
(267, 4, 76, 76, '', 'Можно :)<br>', '2011-04-01 04:30:07', NULL, NULL, NULL, NULL),
(268, 4, 48, 48, '', 'Регистрация и авторизация готовы. Сейчас, как видите, пишу с другого аккаунта :)<br>Можно регистрироваться и писать :)<br><br>Планы на ближайшее будущее - открытие новых тем, обновление списка тем в соответствии с появлением новых сообщений в темах. <br><br>После этого первый этап подготовки можно считать законченным и начинать оптимизировать , допиливать и полировать.<br>', '2011-04-01 05:03:13', '2011-05-19 07:42:42', 4, 1, NULL),
(269, 4, 74, 74, '', 'Тест<br>', '2011-04-01 05:03:36', NULL, NULL, NULL, NULL),
(270, 4, 74, 74, '', 'Еще раз<br>', '2011-04-01 05:04:23', NULL, NULL, NULL, NULL),
(271, 6, 74, 74, '', 'Ой, кажется, у кого-то размножение личности... :) <br>', '2011-04-01 11:14:12', '2011-04-01 08:14:32', 6, 1, NULL),
(272, 6, 74, 74, '', 'Ой, кажется, у кого-то размножение личности... :) <br>', '2011-04-01 11:14:14', NULL, NULL, NULL, NULL),
(273, 1, 74, 74, '', 'Ну так, проверить-то как-то надо было<br>', '2011-04-01 11:14:57', NULL, NULL, NULL, NULL),
(274, 6, 74, 74, '', 'оге)<br>', '2011-04-01 11:20:52', NULL, NULL, NULL, NULL),
(275, 1, 74, 74, '', 'Пока что интервал автообновления - 10 сек. Как думаешь, стоит сделать меньше?<br>', '2011-04-01 11:21:23', NULL, NULL, NULL, NULL),
(276, 6, 74, 74, '', 'редактирование профиля тоже пока не доступно?<br>', '2011-04-01 11:21:46', NULL, NULL, NULL, NULL),
(277, 1, 74, 74, '', 'Так профиля пока нет :)<br>', '2011-04-01 11:22:09', '2011-04-01 08:22:55', 1, NULL, NULL),
(278, 6, 74, 74, '', 'ясно))) и уведомления на мыло тоже?<br>', '2011-04-01 11:25:57', NULL, NULL, NULL, NULL),
(279, 1, 74, 74, '', 'Уведомления на мыло о чем?<br>', '2011-04-01 11:26:14', NULL, NULL, NULL, NULL),
(280, 6, 74, 74, '', 'тест мультинажатия "Отравить"<br>', '2011-04-01 11:26:25', '2011-04-01 08:26:34', 6, 1, NULL),
(281, 6, 74, 74, '', 'тест мультинажатия "Отравить"', '2011-04-01 11:26:40', NULL, NULL, NULL, NULL),
(282, 6, 74, 74, '', 'тест мультинажатия "Отравить"', '2011-04-01 11:26:41', NULL, NULL, NULL, NULL),
(283, 6, 74, 74, '', 'тест мультинажатия "Отравить"', '2011-04-01 11:26:41', NULL, NULL, NULL, NULL),
(284, 6, 74, 74, '', 'воть :) надо бы лочить "Отравить" после первого нажатия.<br>', '2011-04-01 11:28:08', NULL, NULL, NULL, NULL),
(285, 6, 74, 74, '', 'воть :) надо бы лочить "Отравить" после первого нажатия.<br>', '2011-04-01 11:28:08', NULL, NULL, NULL, NULL),
(286, 6, 74, 74, '', 'воть :) надо бы лочить "Отравить" после первого нажатия.<br>', '2011-04-01 11:28:08', NULL, NULL, NULL, NULL),
(287, 6, 74, 74, '', 'воть :) надо бы лочить "Отравить" после первого нажатия.<br>', '2011-04-01 11:28:09', NULL, NULL, NULL, NULL),
(288, 6, 74, 74, '', 'воть :) надо бы лочить "Отравить" после первого нажатия.<br>', '2011-04-01 11:28:09', NULL, NULL, NULL, NULL),
(289, 1, 74, 74, '', 'Эээээ...<br>', '2011-04-01 11:29:21', '2011-04-01 08:55:22', 1, 1, NULL),
(290, 1, 74, 74, '', 'Эээээ...<br>', '2011-04-01 11:29:43', '2011-04-01 08:55:23', 1, 1, NULL),
(291, 1, 74, 74, '', 'Эээээ...<br>', '2011-04-01 11:29:43', '2011-04-01 08:55:25', 1, 1, NULL),
(292, 1, 74, 74, '', 'Эээээ...<br>', '2011-04-01 11:29:43', '2011-04-01 08:55:34', 1, 1, NULL),
(293, 1, 74, 74, '', 'Эээээ...<br>', '2011-04-01 11:29:43', NULL, NULL, NULL, NULL),
(294, 1, 74, 74, '', 'Эээээ...<br>', '2011-04-01 11:29:43', '2011-04-01 08:55:31', 1, 1, NULL),
(295, 1, 74, 74, '', 'Проверка починенного мультинажатия<br>', '2011-04-01 11:34:28', NULL, NULL, NULL, NULL),
(296, 1, 74, 74, '', 'Еще раз<br>', '2011-04-01 11:34:41', NULL, NULL, NULL, NULL),
(297, 1, 74, 74, '', 'Так, мультинажатие я пофиксил.<br>', '2011-04-01 11:35:30', NULL, NULL, NULL, NULL),
(298, 6, 74, 74, '', 'мдя?<br>', '2011-04-01 11:36:55', NULL, NULL, NULL, NULL),
(299, 6, 74, 74, '', 'мдя?<br>', '2011-04-01 11:36:56', NULL, NULL, NULL, NULL),
(300, 6, 74, 74, '', 'мдя?<br>', '2011-04-01 11:36:56', NULL, NULL, NULL, NULL),
(301, 6, 74, 74, '', 'мдя?<br>', '2011-04-01 11:36:57', NULL, NULL, NULL, NULL),
(302, 6, 74, 74, '', 'мдя?<br>', '2011-04-01 11:36:57', NULL, NULL, NULL, NULL),
(303, 6, 74, 74, '', 'мдя?<br>', '2011-04-01 11:36:57', NULL, NULL, NULL, NULL),
(304, 6, 74, 74, '', 'мдя?<br>', '2011-04-01 11:36:58', NULL, NULL, NULL, NULL),
(305, 1, 74, 74, '', 'вот я кликаю много раз<br>', '2011-04-01 11:38:55', NULL, NULL, NULL, NULL),
(306, 6, 74, 74, '', 'а щас?<br>', '2011-04-01 11:39:37', NULL, NULL, NULL, NULL),
(307, 6, 74, 74, '', 'ой ли? ;)<br>', '2011-04-01 11:39:58', NULL, NULL, NULL, NULL),
(308, 1, 74, 74, '', 'вроде не ошибается уже<br>', '2011-04-01 11:40:07', NULL, NULL, NULL, NULL),
(309, 6, 74, 74, '', 'fixed :)<br>', '2011-04-01 11:40:22', NULL, NULL, NULL, NULL),
(310, 1, 74, 74, '', 'Хотя на будущее, конечно в пхп тоже нужно защиту от флуда поставить.<br>', '2011-04-01 11:42:16', NULL, NULL, NULL, NULL),
(311, 6, 74, 74, '', 'вот и я о чем<br>', '2011-04-01 11:43:02', NULL, NULL, NULL, NULL),
(312, 1, 74, 74, '', 'Скажу так: на данный момент о защите я не думаю вообще. Моя задача - сделать скрипт рабочим, чтобы можно было рабочей версией заинтересовать гипотетических разработчиков. А потом уже всё будет допиливаться до состояния всенародного пользования<br>', '2011-04-01 11:44:49', NULL, NULL, NULL, NULL),
(313, 6, 76, 76, '', 'да, с консолью ака <span style="font-weight: bold;">Панель отладки</span> хорошо :)<br>', '2011-04-01 11:46:32', NULL, NULL, NULL, NULL),
(314, 1, 74, 74, '', 'Блин, фигня. По моему когда я из дома кодил, кое какие изменения не закоммитились в гит. Теперь автопрокрутка до нового поста не работает.<br>', '2011-04-01 11:46:56', NULL, NULL, NULL, NULL),
(315, 6, 74, 74, '', 'есть такое...<br>', '2011-04-01 11:48:04', NULL, NULL, NULL, NULL),
(316, 1, 74, 74, '', 'Щас блин, придется разрешать конфликт. Как я это не люблю...<br>', '2011-04-01 11:50:07', NULL, NULL, NULL, NULL),
(317, 1, 74, 74, '', 'Хм. Получилось вроде. И даже конфликта не случилось<br>', '2011-04-01 11:54:44', NULL, NULL, NULL, NULL),
(318, 6, 74, 74, '', 'напиши чего-нить<br>', '2011-04-01 11:56:14', NULL, NULL, NULL, NULL),
(319, 1, 74, 74, '', 'Пишу<br>', '2011-04-01 11:56:22', NULL, NULL, NULL, NULL),
(320, 6, 74, 74, '', 'а, да, работает) зачет)<br>', '2011-04-01 11:56:37', NULL, NULL, NULL, NULL),
(321, 1, 74, 74, '', 'Вот скажи, такой уровень функциональности (ну допустим плюс создание новых тем и обновление столбца тем) - достаточная замануха для разрабов?<br>', '2011-04-01 11:57:25', NULL, NULL, NULL, NULL),
(322, 6, 74, 74, '', 'я не разраб, так что хз... ИМХО, да. главное, чтоб энтузизизм был<br>', '2011-04-01 11:59:36', NULL, NULL, NULL, NULL),
(323, 1, 74, 74, '', 'Тебе было бы удобно общаться в такой штуковине?<br>', '2011-04-01 12:00:44', NULL, NULL, NULL, NULL),
(324, 6, 74, 74, '', 'с доработанным функционалом - почему нет) интерфейс мне нравится.<br>', '2011-04-01 12:05:01', NULL, NULL, NULL, NULL),
(325, 1, 74, 74, '', 'Я примерно это и хотел узнать, спасибо.<br>ОК, теперь вопрос более наглый - присоединишься ли ты к команде? На уровне тестировщика например.<br>', '2011-04-01 12:06:46', '2011-04-01 09:07:10', 1, NULL, NULL),
(326, 6, 74, 74, '', '<sup>На уровне тестировщика</sup><sub> </sub><sup>- почему нет. ;) <br></sup>', '2011-04-01 12:10:28', NULL, NULL, NULL, NULL),
(327, 6, 74, 74, '', 'и так щас два проекта тестирую. будет третий :)<br>', '2011-04-01 12:12:10', NULL, NULL, NULL, NULL),
(328, 1, 74, 74, '', 'В таком случае тебе на https://github.com/lerayne/UltiComm. Там есть раздел Issues - для багтрекинга, фич-реквестов и пр.<br>', '2011-04-01 12:13:32', NULL, NULL, NULL, NULL),
(329, 6, 74, 74, '', 'оке<br>', '2011-04-01 12:15:39', NULL, NULL, NULL, NULL),
(330, 6, 74, 74, '', 'так, чтоб далеко не ходить - надо бы при нажатии "Ответить" фокусировать курсор на поле ввода<br>', '2011-04-01 12:17:05', NULL, NULL, NULL, NULL),
(331, 1, 74, 74, '', 'А, да на это не ты первый жалуешься. Сделаю, только не сейчас. Сейчас мне работать надо<br>', '2011-04-01 12:17:57', '2011-04-01 09:38:15', 1, NULL, NULL),
(332, 1, 76, 76, '', 'Да, такое паливо :) Кстати я таки переименую ее в консоль<br>', '2011-04-01 13:00:00', NULL, NULL, NULL, NULL),
(333, 1, 73, 73, '', '^ Сделано<br>', '2011-04-01 13:00:33', '2011-04-01 10:02:04', 1, 1, NULL),
(334, 7, 76, 76, '', 'Зарегистрировалась :)<br>', '2011-04-04 00:03:15', NULL, NULL, NULL, NULL),
(335, 1, 76, 76, '', 'Прикольно :) Спасибо.<br>А граватар не залила?<br>', '2011-04-04 18:24:56', NULL, NULL, NULL, NULL),
(336, 9, 76, 76, '', 'зарегистрировался %)', '2011-04-04 18:37:13', NULL, NULL, NULL, NULL),
(337, 1, 76, 76, '', 'Щас проверим как автообновлялка работает<br>', '2011-04-04 18:37:40', NULL, NULL, NULL, NULL),
(338, 1, 76, 76, '', 'Таймаут 10 секунд правда. Многовато.<br>', '2011-04-04 18:38:02', '2011-04-04 15:38:11', 1, NULL, NULL),
(339, 9, 73, 73, '', 'как считаешь, нужна индикация непрочитанных сообщений?', '2011-04-04 18:42:53', NULL, NULL, NULL, NULL),
(340, 1, 73, 73, '', 'Само собой. Только я пока не придумал как сделать<br><br>', '2011-04-04 18:43:09', '2011-05-18 12:24:34', 1, 1, NULL),
(341, 1, 73, 73, '', 'А еще нужнее - индикация новых сообщений пришедших в темы<br>', '2011-04-04 18:44:03', NULL, NULL, NULL, NULL),
(342, 1, 76, 76, '', 'Временно уменьшил до 5-и<br>', '2011-04-04 18:46:36', NULL, NULL, NULL, NULL),
(343, 9, 76, 76, '', '*пустой трёп*', '2011-04-04 18:49:42', NULL, NULL, NULL, NULL),
(344, 1, 73, 73, '', 'В принципе, как сделать непрочитанными посты, появившиеся за время, пока тема была открыта - понятно. А вот как вычислить непрочитанные со времени последнего посещения? Разве что забивать куда-то дату посещения и сравнивать дату поста с ней. И отдельный важный вопрос - по какому событию делать сообщения прочитанными.<br>', '2011-04-04 18:50:26', NULL, NULL, NULL, NULL),
(345, 9, 76, 76, '', 'очень неудобно без hot-key для отправления сообщения<br><hr><div>Edit: а красный квадрат в меню что-нибудь означает?</div><div><hr>Edit 2: а синий? :)</div>', '2011-04-04 18:50:58', '2011-04-04 15:55:52', 9, NULL, NULL),
(346, 9, 73, 73, '', 'проще всего, очевидно, помечать все сообщения темы прочитанными при открытии темы<div>но тогда было бы неплохо сделать что-нибудь типа галки "оставить непрочитанными все сообщения начиная с этого"</div>', '2011-04-04 18:53:06', NULL, NULL, NULL, NULL),
(347, 1, 73, 73, '', 'Нет, не канает. Человек зайдя в тему должен увидеть, какие из сообщений являются непрочитанными.<br>', '2011-04-04 20:00:43', NULL, NULL, NULL, NULL),
(348, 4, 76, 76, '', 'Квадраты - это индикатор активности окна. При неактивном окне частота обновлений падает с 5 сек до 3 мин.<br><br>Хоткеи - прикрутим.<br>', '2011-04-04 23:15:37', NULL, NULL, NULL, NULL),
(349, 9, 73, 73, '', 'Ну это, как ты и сказал, по сравнению дат.', '2011-04-04 23:23:50', '2011-04-04 20:23:58', 9, NULL, NULL),
(350, 4, 73, 73, '', 'Да, блин, без возможности отслеживать изменения общаться трудно, так что я этим займусь сразу же после того, как прикручу открытие новой темы.<br>', '2011-04-05 01:37:40', NULL, NULL, NULL, NULL),
(351, 10, 76, 76, '', 'Тестовое сообщение<br>', '2011-04-05 12:07:27', NULL, NULL, NULL, NULL),
(352, 1, 76, 76, '', 'Обновление пашет?<br>', '2011-04-05 12:16:42', NULL, NULL, NULL, NULL),
(353, 10, 73, 73, '', 'На вскидку вариант - таблица соответствия пользователь - тема. <br>Чтото типа: <br>usertopic<br>_____________<br>idUserTipic int(11) AUTO_INCREMENT<br>idUser int(11)<br>idTopic int(11)<br>dtShow datetime<br><br>', '2011-04-05 15:32:26', '2011-04-05 12:45:13', 10, NULL, NULL),
(354, 11, 77, 77, '', 'Слушай, а может все-таки стоит делать обратній порядок сообщений?', '2011-04-05 16:30:07', NULL, NULL, NULL, NULL),
(355, 1, 77, 77, '', 'Нет, потому что будет ветвление. Ветвление возможно только сверху вниз, по другому народ не поймет.<br>', '2011-04-05 16:34:05', '2011-04-07 13:56:48', 1, NULL, NULL),
(356, 1, 73, 73, '', 'В принципе я пришел к подобному выводу, но нафига там тогда индексное поле? <br>И остается открытым вопрос по какому событию считать пост прочитанным? По клику? По ховеру? Дополнительно по пробелу как в вейве?<br>', '2011-04-05 16:38:44', NULL, NULL, NULL, NULL),
(357, 11, 73, 73, '', 'Слушайте, а не проще ли в соотвествии пользователя темам записівать не дату, последний прочитанній айди, проще будет вібирать. Все сообщения из темі, айди которіх больше, чем последний прочитанный. Последний прочитанный отсылать вместе с запросом на обновление текущей темы. А вычислять его следующим образом: для всех непрочитанных, если уровень скроллинга + высота соотвествует позиции блока сообщения на странице + константа высоты заголовка + 1 строка (например).', '2011-04-05 16:39:03', NULL, NULL, NULL, NULL),
(358, 1, 76, 76, '', 'Смотрю я так, граватары никто не юзает :)<br>', '2011-04-05 16:39:09', NULL, NULL, NULL, NULL),
(359, 10, 73, 73, '', '2lokkie@wwegroup.info <br>в общем то это не поще. <br><br>2lerayne@gmail.com <br>Сколрее для приведения бд к неормалям чем для реальной функциональности. Посему это поле необязательно.<br>', '2011-04-05 16:43:42', '2011-04-05 13:43:57', 10, NULL, NULL),
(360, 11, 73, 73, '', 'От чего же не проще? Храниміх данніх меньше, индексация по интам проще.', '2011-04-05 17:01:43', NULL, NULL, NULL, NULL),
(361, 1, 73, 73, '', 'Локки, включи русский :) А то коробит.<br><br>Почему твой метод не лучше - потому что как непрочитанное будет отмечаться не только каждое новое, но и каждое отредактированное кем либо сообщение. ID оно будет иметь ниже, чем "последний прочитанный", а вот поле "modified" обновляется и в таком случае.', '2011-04-05 17:18:39', '2011-04-05 14:20:33', 1, NULL, NULL),
(362, 1, 0, 0, 'Тест открытия новой темы', 'Тра-ля-ля<br>', '2011-04-06 11:12:02', '2011-04-06 14:53:47', 1, 1, NULL),
(363, 1, 0, 0, 'А вот еще одна :)', 'Сообщение десу<br>', '2011-04-06 11:28:08', '2011-04-06 14:50:03', 1, 1, NULL),
(364, 1, 0, 0, 'тема 1', 'ййййййй<br>', '2011-04-06 11:30:56', '2011-04-06 14:49:40', 1, 1, NULL),
(365, 1, 0, 0, 'Тема 2', 'цццццццццц<br>', '2011-04-06 11:32:47', '2011-04-06 14:48:06', 1, 1, NULL),
(366, 1, 0, 0, 'тема 3', 'ууууууу<br>', '2011-04-06 11:34:15', '2011-04-06 14:46:22', 1, 1, NULL),
(367, 1, 0, 0, 'ваыаыа ', 'ыв аыва ы аыа<br>', '2011-04-06 11:38:35', '2011-04-06 14:46:01', 1, 1, NULL),
(368, 1, 48, 48, '', 'Теперь можно стартовать темы, но пока нельзя их удалять. Следующим сделаю удаление темы и&nbsp; сообщения с ветками от него, с отдельным предупреждением. А пока работа...<br>', '2011-04-06 11:50:41', '2011-05-18 12:34:06', 1, 1, NULL),
(369, 1, 367, 367, '', 'sadasdad<br>', '2011-04-06 13:02:46', '2011-04-06 10:08:44', 1, NULL, NULL),
(370, 10, 76, 76, '', 'Может я чего то не вижу. но скажу так. интуитивно непонятно где настраивать аватары и тд.&nbsp;', '2011-04-06 13:09:03', NULL, NULL, NULL, NULL),
(371, 1, 367, 367, '', 'dfg dgd dg <br>', '2011-04-06 13:09:12', NULL, NULL, NULL, NULL),
(372, 11, 73, 73, '', 'тогда согласен', '2011-04-06 13:21:06', NULL, NULL, NULL, NULL),
(373, 1, 366, 366, '', 'asdaadasdada<br>', '2011-04-06 17:46:17', NULL, NULL, NULL, NULL),
(374, 1, 76, 76, '', 'Есть такой сервис - gravatar.com<br>О нем сказано в нашей форме регистрации. Там можно аватар привязать к имейлу и он будет следовать за тобой по всем сайтам, которые поддерживают этот сервис и на которых ты будешь регистрироваться под этим имейлом. Другого метода заливки аватара пока нет, так как это не первоочередная задача.<br><br>ЗЫ: Можно зарегать на себя несколько имейлов и к каждому привязать свой аватар.<br>', '2011-04-06 17:55:43', '2011-04-07 01:07:12', 1, NULL, NULL),
(375, 1, 48, 48, '', 'Сделал удаление тем.<br>Пока не прописано что происходит когда кто-то другой удаляет тему, в которой в данный момент находится пользователь. Очевидно сейчас будет глюк, описать который я не берусь.<br>', '2011-04-06 17:57:56', '2011-05-18 12:34:52', 1, 1, NULL),
(378, 1, 48, 48, '', 'Сделал немного более правильным поведение формы ответа. Теперь она перед отправкой проверяет не появилось ли новых сообщений, не изменились ли существующие.<br>', '2011-04-07 04:03:04', '2011-05-18 12:35:08', 1, 1, NULL),
(379, 1, 0, 0, 'Планы<br>', '?', '2011-04-07 04:03:29', '2011-05-18 12:21:01', 1, 1, NULL),
(380, 1, 73, 73, '', 'Новая замеченная недоработка, присутствующая на всем проекте повсеместно, это неправильное поведение многих модулей, использующих аякс, особенно для проверок - одну и ту же кнопку можно кликать несколько раз и результат будет непредсказуемым. Вылечена от этой болячки только кнопка "отправить" в сообщении, да и та никак не изменяется внешне, когда с нее снимается ивент.<br><br>Нужно разработать единую универсальную систему блокировок.<br>', '2011-04-07 04:10:41', '2011-04-07 01:11:50', 1, NULL, NULL),
(381, 1, 0, 0, 'Содержимое блока темы в колонке тем', 'Одним из постулатов UC было заявлено отсутствие лишних элементов интерфейса, засоряющих вид. Уже сейчас с этой целью используются css-классы revealer и reveal которые помогают легко демонстрировать некоторые элементы блока только при наведении на него. <br><br>В контексте этой задачи спрашиваю всех участников проекта - как по вашему, какая информация должна отображаться в блоке темы постоянно, какая - при наведении, а какая не нужна вообще? <br><br><span style="font-weight: bold;">Существуют такие варианты:</span><br><ul><li>Имя автора темы</li><li>Название темы</li><li>Фрагмент стартового поста</li><li>Идентификатор сообщения в таблице (временный служебный)</li><li>Имя последнего отпостившего</li><li>Фрагмент последнего поста</li><li>Дата создания/модификации последнего поста</li></ul>-- в данный момент это видно всегда.<br><ul><li>Дата открытия темы/редактирования первого поста</li><li>Количество сообщений</li></ul>-- в данный момент это видно при наведении.<br><br>И еще есть некоторая важная информация, которую хотелось бы видеть:<br><ul><li>Теги</li></ul><br style="font-weight: bold;"><span style="font-weight: bold;">Высушаю все аргументы, так как хочется сделать пользование максимально удобным, но не отягощать интерфейс. Нужно грамотно распорядится что необходимо, что второстепенно, а что не нужно вообще.</span><br>', '2011-04-07 04:21:55', '2011-07-21 09:25:31', 1, NULL, 1),
(382, 1, 77, 77, '', 'Сообщение 12ф<br>', '2011-04-07 16:32:47', '2011-04-07 13:58:44', 1, NULL, NULL),
(383, 1, 77, 77, '', 'Новое<br>', '2011-04-07 16:40:30', NULL, NULL, NULL, NULL),
(384, 1, 77, 77, '', '<span style="text-decoration: line-through;">ляля</span> фы фыв <br>', '2011-04-07 16:41:47', '2013-07-17 19:19:22', 1, 1, NULL),
(385, 1, 77, 77, '', '385ыфывфф<br>', '2011-04-07 17:00:13', '2013-07-17 19:19:16', 1, 1, NULL),
(386, 1, 77, 77, '', 'фывыфвывф<br>', '2011-04-07 17:00:13', '2011-04-07 14:03:36', 1, 1, NULL),
(387, 1, 77, 77, '', 'Да блин, надо писать что-то!<br>', '2011-04-07 17:00:30', '2011-04-07 14:14:12', 1, NULL, NULL),
(388, 1, 77, 77, '', 'Нормальный <span style="text-decoration: line-through;">псто</span><br>', '2011-04-07 17:03:50', '2011-04-07 14:14:05', 1, NULL, NULL),
(389, 1, 76, 76, '', 'аа<br>', '2011-04-07 17:18:28', '2011-04-07 14:29:10', 1, 1, NULL),
(390, 1, 73, 73, '', 'проба<br>', '2011-04-07 17:26:57', '2011-04-07 14:29:00', 1, 1, NULL),
(391, 1, 74, 74, '', 'тест<br>', '2011-04-07 17:28:16', '2011-04-14 08:15:01', 1, 1, NULL),
(392, 1, 48, 48, '', 'Сделал систему индикации непрочитанных сообщений. Пока-что она устанавливает стамп при первом входе в тему, а при последующих входах нужно нажимать сверху кнопку "отметить прочитанными", иначе непрочитанность сохраняется. <br><br>В будущем, само собой, нужно выбрать событие (скорее целую схему зависимых событий) при срабатывании которых тема будет считаться прочитанной.<br><br>Прочтение по ховеру или клику на отдельное сообщение я решил не делать, "прочитанность" накладыватеся одним событием на всю тему целиком, иначе пришлось бы хранить в таблице прочитанность каждого сообщения.<span style="font-style: italic;"></span><br>', '2011-04-07 17:33:24', '2013-07-13 09:55:00', 1, 1, NULL),
(393, 12, 77, 77, '', 'Оу, официальная флудилка! Круто!! А кто такой Локи, Русакевич дэсу нэ?<br><br>', '2011-04-08 01:15:14', NULL, NULL, NULL, NULL),
(394, 1, 77, 77, '', 'А что за флудилка?<br><br>ЗЫ: он самый))<br>', '2011-04-08 01:18:25', '2011-04-07 22:27:17', 1, NULL, NULL),
(395, 12, 77, 77, '', 'Ну сам сказал пиши что хочешь.....<br><br>Саша, привет!! Мир тесен<br>', '2011-04-08 01:31:25', NULL, NULL, NULL, NULL),
(396, 1, 77, 77, '', 'Это не мир тесен, это я широк (c) Семар :)<br>Только в данном случае широк я))<br>', '2011-04-08 01:32:11', NULL, NULL, NULL, NULL),
(397, 12, 76, 76, '', 'Кракорук, Ровшан!! Так тут все свои!!! А!!!<br>Да, я обшиблась, это флудилка, а не то, что я приняла за неё<br>', '2011-04-08 01:32:58', NULL, NULL, NULL, NULL),
(398, 1, 76, 76, '', 'Да, флудилка это. А то - техническая тестилка.<br>', '2011-04-08 01:33:39', '2011-04-07 22:33:44', 1, NULL, NULL),
(399, 12, 73, 73, '', 'Первое.<br>Аватары.<br>Абсолютно не видно при регистрации, что там и к чему. Если можно, сделать не сбоку мелким шрифтом, а отдельным пунктом наряду с паролем и логином.<br>Дальше, где видно, что человек в сети?<br>Дальше, кнопка "ответить". Её надо искать. Понятно, что юзеры не идиоты и сами разберутся, а если не разберутся, то не нужны нам такие юзеры. Но всё же лучше, чтобы она была постоянной.<br>И это, как отправить сообщение комбинацией клавиш? Энтер и ктрл энтер не срабатывает.<br>Я чайник, моё мнение можно не принимать во внимание<br>', '2011-04-08 01:38:36', NULL, NULL, NULL, NULL),
(400, 12, 77, 77, '', 'Или я :-Р<br>', '2011-04-08 01:39:50', NULL, NULL, NULL, NULL),
(401, 12, 76, 76, '', 'а, понятно. а где список пользователей?<br>', '2011-04-08 01:40:36', NULL, NULL, NULL, NULL);
INSERT INTO `tinng_messages` (`id`, `author_id`, `parent_id`, `topic_id`, `topic_name`, `message`, `created`, `modified`, `modifier`, `deleted`, `locked`) VALUES
(402, 1, 73, 73, '', 'А зачем писать, если можно тебя не принимать во внимание? На самом деле пару новых слов ты сказала. Да, хоткеев мы все ждём :) даже я (в смысле жду того этапа написания программы, когда ими можно будет заняться).<br><br>Насчет аватаров да, ссылку на граватар можно сделать побольше и позаметнее, а заливку собственных я пока отложил. Это далеко не первоочередная задача.<br><br>Индикация сетевого состояния - хорошая идея. На данный момент она тоже не в первой тепени важности, но включить в список работ надо будет.<br><br>По поводу постоянной видимости кнопки ответа... да, возможно. Нужно поискать оптимальное решение.<br>', '2011-04-08 01:42:52', '2011-04-12 09:10:00', 1, NULL, NULL),
(403, 1, 76, 76, '', 'Нету. А зачем? :) Вот ты в гмейле видела когда-нибудь список пользователей?<br>Шучу. Будет, но намного позже.<br>', '2011-04-08 01:43:38', NULL, NULL, NULL, NULL),
(404, 1, 77, 77, '', 'Ну это же я всех сюда пригласил. И вообще-то я эту штуку написал, да ))<br>', '2011-04-08 01:44:04', NULL, NULL, NULL, NULL),
(405, 12, 73, 73, '', 'Я когда-то объясняла почему ко мне можно не прислушиваться. Я очень странное создание с очень странными запросами. А у разработчиков есть своё виденье, как надо. Ну и врождённая скромность и конформизм. <br>И если можно, переместить кнопку ответа в левую сторону, курсор подсознательно тыкается сначала туда.<br>', '2011-04-08 02:00:35', NULL, NULL, NULL, NULL),
(406, 12, 77, 77, '', 'Посмотри на это с другой стороны, я могла быть незнакома с Русакевичем :)<br>', '2011-04-08 02:02:01', NULL, NULL, NULL, NULL),
(407, 12, 77, 77, '', 'Хотя... я незнакома... вообще да, бывает. К Сэмару приезжала девочка вместе со мной, так она знает многих наших, Алису, Шаннара, Умку (хотя кто его не знает)<br>Да, я&nbsp; с ней до этого была незнакома.<br>', '2011-04-08 02:03:07', '2011-04-07 23:05:26', 12, NULL, NULL),
(408, 12, 76, 76, '', 'Смелое сравнение)))))<br><br>На данном этапе это скорее более актуально, потому что не видишь реально сколько человек есть. Или поиска по пользователям тоже можно было сделать. ВК тоже нет списка пользователей. Или есть?<br>', '2011-04-08 02:04:51', NULL, NULL, NULL, NULL),
(409, 1, 76, 76, '', 'Ну поиск по пользователям есть, то есть если искать всех, то фактически есть и список<br>', '2011-04-08 02:06:42', NULL, NULL, NULL, NULL),
(410, 12, 76, 76, '', 'Хорошо, а где он?<br>', '2011-04-08 02:07:18', NULL, NULL, NULL, NULL),
(411, 1, 76, 76, '', 'Кто и где?<br>', '2011-04-08 02:08:26', NULL, NULL, NULL, NULL),
(412, 1, 73, 73, '', 'Ты пиши а мы решим :)<br>', '2011-04-08 02:09:51', NULL, NULL, NULL, NULL),
(413, 1, 77, 77, '', 'Ну уж кого-кого, а всех иногородних ты знать не можешь<br>', '2011-04-08 02:15:28', NULL, NULL, NULL, NULL),
(414, 12, 77, 77, '', 'Она как раз из Киева. Говорю же, приезжала<br>', '2011-04-08 02:29:49', NULL, NULL, NULL, NULL),
(415, 12, 76, 76, '', 'поиск где<br>', '2011-04-08 02:30:38', NULL, NULL, NULL, NULL),
(416, 12, 73, 73, '', '<span style="text-decoration: line-through;">Рисуй рисуй, Паганини</span> <br>я поняла ))<br>', '2011-04-08 02:31:14', NULL, NULL, NULL, NULL),
(417, 12, 73, 73, '', 'Можно тупой вопрос?<br>Картина Малевича "Красный квадрат" в меню только у меня, или у всех так? :)<br>', '2011-04-08 02:36:56', NULL, NULL, NULL, NULL),
(418, 12, 73, 73, '', 'И ещё. В теме пишет, что последнее сообщение твоё, а на самом деле моё. Это так и надо, или нет?<br>', '2011-04-08 02:38:27', '2011-04-07 23:51:11', 12, 1, NULL),
(419, 1, 76, 76, '', 'Я про вконтакт вообще-то говорил<br>', '2011-04-08 10:55:11', NULL, NULL, NULL, NULL),
(420, 1, 73, 73, '', 'Блииииииинн... По всем темам меня уже про этот квадрат раза три спрашивали, поищи :)<br>Это служебный индикатор активности окна. От активности зависит частота автоматических обновлений содержимого<br>', '2011-04-08 10:56:25', NULL, NULL, NULL, NULL),
(421, 12, 76, 76, '', 'а. я про здесь<br>', '2011-04-08 13:47:31', NULL, NULL, NULL, NULL),
(422, 12, 73, 73, '', 'Гомен...-_-"<br>', '2011-04-08 13:56:28', NULL, NULL, NULL, NULL),
(423, 1, 76, 76, '', 'Здесь пока без надобности. ИМХО индикатор онлайновости и то важнее...<br>', '2011-04-08 18:12:12', '2011-04-14 07:56:44', 1, NULL, NULL),
(424, 1, 77, 77, '', '&gt;&nbsp;Алису, Шаннара, Умку (хотя кто его не знает)<br><br>Это как раз всё весьма "широкие" люди :)', '2011-04-08 18:18:36', NULL, NULL, NULL, NULL),
(425, 1, 76, 76, '', 'явавыавыаыаыавыа<br>', '2011-04-11 20:03:10', '2011-04-12 06:33:15', 1, 1, NULL),
(426, 1, 48, 48, '', 'Баг с неправильной визуализацией пофикшен. Прочтение работает, только теперь нужно придумать событие.<br>', '2011-04-12 00:40:43', '2011-05-18 12:36:00', 1, 1, NULL),
(427, 1, 77, 77, '', 'Хотя, кстати, что Алису, что Умку я знаю относительно недавно. Последнего - где-то начиная с танцев на БЖ.', '2011-04-12 09:28:05', NULL, NULL, NULL, NULL),
(428, 1, 73, 73, '', 'Баг непрочитанности: непрочитанным помечается сбственное сообщение.', '2011-04-12 09:34:01', '2011-05-18 12:18:59', 1, 1, NULL),
(429, 1, 48, 48, '', 'Теперь темы по умолчанию сортируются по дате последнего обновления, каковым считается не только написание нового сообщения, но и редактирование любого существущего.<br>', '2011-04-12 11:54:59', '2011-05-18 12:36:40', 1, 1, NULL),
(430, 1, 48, 48, '', 'Добавил троббер на кнопку "отметить прочитанным"<br>', '2011-04-12 12:11:30', '2011-05-18 12:36:46', 1, 1, NULL),
(431, 1, 379, 379, '', 'Непрочитанность готова :) Только слегка допилить, но это можно позже<br>', '2011-04-12 14:59:03', '2011-05-18 11:15:09', 1, 1, NULL),
(432, 1, 379, 379, '', 'цукцкцукц<br>', '2011-04-12 17:04:31', '2011-04-12 14:11:41', 1, 1, NULL),
(433, 1, 77, 77, '', '!!!!!!!!!!!!!!!<br>', '2011-04-12 17:12:02', '2011-04-12 14:12:52', 1, 1, NULL),
(434, 1, 77, 77, '', 'трям<br>', '2011-04-13 17:49:12', '2011-04-13 14:54:12', 1, 1, NULL),
(435, 1, 77, 77, '', 'трям2', '2011-04-13 17:51:47', '2011-04-13 14:54:16', 1, 1, NULL),
(436, 1, 77, 77, '', 'трям<br>', '2011-04-13 17:54:33', '2011-06-22 17:57:27', 1, NULL, NULL),
(437, 1, 77, 77, '', 'ыуффыыфвфф<br>', '2011-04-13 17:57:06', '2011-04-14 05:41:50', 1, 1, NULL),
(438, 1, 76, 76, '', 'вавыаыаы<br>', '2011-04-13 17:58:24', '2011-04-14 05:42:14', 1, 1, NULL),
(439, 1, 76, 76, '', '111111113567<br>', '2011-04-13 18:07:35', '2011-04-14 05:42:11', 1, 1, NULL),
(440, 1, 76, 76, '', 'выапываы<br>', '2011-04-13 18:18:47', '2011-04-13 15:21:03', 1, 1, NULL),
(441, 12, 76, 76, '', 'пустой трёп что-то не особо треплется<br>тему что-ли толкайте<br>давайте поговорим о проблеме недосыпа в информационном обществе :-Р<br>', '2011-04-14 00:44:15', NULL, NULL, NULL, NULL),
(442, 12, 77, 77, '', 'Умку с танцев на БЖ??? Ты уверен, что он там был?<br>', '2011-04-14 00:45:05', '2011-08-18 10:36:54', 1, NULL, NULL),
(443, 12, 379, 379, '', 'как оно работает?<br>', '2011-04-14 00:45:58', NULL, NULL, NULL, NULL),
(444, 1, 77, 77, '', 'Ну, я первый раз его увидел когда мы оттуда толпой куда-то шли.<br>', '2011-04-14 08:41:29', '2011-08-18 10:36:48', 1, NULL, NULL),
(445, 1, 76, 76, '', 'Трёп ради трёпа не есть хорошо :) Эта тема была создана для проверок движка в основном. Хочешь поговорить о чем-то - открывай тему, поговорим.<br>', '2011-04-14 08:43:07', '2011-04-14 10:07:43', 1, NULL, NULL),
(446, 1, 379, 379, '', 'Ну как бы непрочитанные сообщения отмечаются желтоватым фоном. Нажав на кнопку "отметить прочитанным" ты убираешь непрочитанность для текущей темы.<br>', '2011-04-14 08:49:40', '2011-04-14 10:26:19', 1, NULL, NULL),
(447, 1, 77, 77, '', 'Что-то пишу<br>', '2011-04-14 10:54:42', '2011-04-14 08:53:03', 1, 1, NULL),
(448, 1, 77, 77, '', 'трям<br>', '2011-04-14 11:20:44', '2011-04-14 08:52:59', 1, 1, NULL),
(449, 1, 77, 77, '', 'dsfsfsfs<br>', '2011-04-14 11:51:20', '2011-04-14 08:52:53', 1, 1, NULL),
(450, 1, 76, 76, '', 'dsfasddasfdas<br>', '2011-04-14 11:51:41', '2011-04-14 09:31:56', 1, 1, NULL),
(451, 1, 77, 77, '', 'wwqweqwe<br>', '2011-04-14 11:52:29', '2011-04-14 08:52:49', 1, 1, NULL),
(452, 1, 48, 48, '', 'Включена обновлялка списка тем. Известные баги:<br><br>', '2011-04-14 12:34:32', '2011-05-18 12:40:48', 1, 1, NULL),
(453, 1, 379, 379, '', 'Сделать отметку тем непрочитанными при загрузке<br>', '2011-04-14 12:40:49', '2011-05-18 11:15:16', 1, 1, NULL),
(454, 1, 48, 48, '', 'выаыаы<br>', '2011-04-14 12:44:15', '2011-04-14 09:44:38', 1, 1, NULL),
(455, 1, 76, 76, '', 'тест<br>', '2011-04-14 13:07:55', '2011-04-14 10:08:23', 1, 1, NULL),
(456, 1, 77, 77, '', 'пупвапвп<br>', '2011-04-14 13:15:09', '2011-04-14 10:16:10', 1, 1, NULL),
(457, 1, 77, 77, '', 'цукцкцку<br>', '2011-04-14 13:18:52', '2011-04-14 10:19:19', 1, 1, NULL),
(458, 1, 77, 77, '', 'цукецкуцк<br>', '2011-04-14 13:19:08', '2011-04-14 10:19:16', 1, 1, NULL),
(459, 1, 48, 48, '', 'Предлагаю такое поведение: При удалении любого сообщения в теме обновление блока происходит (обновляется счетчик сообщений и при необходимости последнее сообщение) но блок не поднимается и не помечается непрочитанным.<br>', '2011-04-14 13:22:24', '2011-05-19 07:51:18', 1, 1, NULL),
(460, 1, 77, 77, '', 'цукцкцкц<br>', '2011-04-14 13:25:34', '2011-04-14 10:26:08', 1, 1, NULL),
(461, 1, 48, 48, '', '1. Первый этап написания сервиса завершен. Сервису присвоен номер версии alpha 0.2.<br><br>2. Начат этап уборки мусора и оптимизации кода. В рамках этого процесса временно удалена неиспользуемая колонка "меню", роль индикатора активности окна теперь выполняет цвет названия сервиса (дааааа! долой загадочный красный квадрат из меню! &gt;:) )<br>', '2011-04-19 20:54:39', '2013-07-13 09:54:58', 1, 1, NULL),
(462, 1, 74, 74, '', 'Кагбе готово :)<br>', '2011-04-19 21:02:34', NULL, NULL, NULL, NULL),
(463, 1, 73, 73, '', '<span style="text-decoration: line-through;">Еще баг автообновления списка тем: если отредактировано было первое сообщение темы, при загрузке его дата не забивается в maxTopicDate и по ней не происходит сортировка, вследствие чего первым же автоапдейтом данная тема прыгает вверх.</span><br><br>ИСПРАВЛЕНО<br>', '2011-04-21 16:35:22', '2011-05-18 12:18:51', 1, 1, NULL),
(464, 1, 48, 48, '', 'Начал прикручивать движок скинов и перерабатывать CSS. На данный момент на небольших экранах включена экономия места за счет убирания лишних промежутков.<br>', '2011-04-21 19:36:58', '2013-07-13 09:54:55', 1, 1, NULL),
(465, 14, 76, 76, '', '16', '2011-04-26 09:38:50', NULL, NULL, NULL, NULL),
(466, 14, 76, 76, '', 'В чем прикол я написал сообщение а появилось "16"?<div><br></div>', '2011-04-26 09:39:35', '2011-04-26 06:40:02', 14, NULL, NULL),
(467, 1, 76, 76, '', 'А что ты писал?<br>', '2011-04-26 09:45:06', NULL, NULL, NULL, NULL),
(468, 14, 76, 76, '', 'Я и забыл уже =) вроде хотел спросить как аватарку менять..<div><br></div>', '2011-04-26 14:29:49', '2011-04-26 11:30:58', 14, NULL, NULL),
(469, 1, 76, 76, '', 'Сейчас всё должно работать. То что ты наблюдал вероятно было следствием неполного аплоада скрипта после очередного редактирования.<br><br><div>А аватарка прописывается на gravatar.com и привязывается к мылу, на которое ты тут регался.</div>', '2011-04-26 15:56:13', '2011-04-26 14:14:33', 1, NULL, NULL),
(470, 1, 48, 48, '', 'Немного подрихтовал механизм редактирования заголовка темы<br>', '2011-04-27 01:17:14', '2011-05-18 12:40:03', 1, 1, NULL),
(471, 1, 0, 0, 'Планы: ближайшие', '<div>3. Темы не отмечаются непрочитанными при первичной загрузке.<br></div>', '2011-05-18 14:13:17', '2013-11-12 12:48:20', 1, 1, NULL),
(472, 1, 0, 0, 'Ближайшие планы (старое)<br>', '<div><b>Исправить:</b></div><div><br></div><div>(стар.) Непредсказуемые глюки в системе непрочитанности: непрочитанными отображаются давно прочитанные сообщения.</div>', '2011-05-18 14:13:23', '2013-11-12 12:48:55', 1, 1, NULL),
(473, 1, 0, 0, 'Долгосрочные планы', '1. Система обозначения онлайн-оффлайн пользователя. Напрашивается решение при помощи динамических css-классов.<br><br>2. Выделение нескольких сообщений одновременно с возможностью удалить, или отсоединить их в отдельную тему. Схема должна поддерживать стандартные хоткеи ctrl+click, shift+click и стрелки.<br><br>3. Сделать возможность ссылаться на определенное место в тексте. Нужно обсуждение.<br><br>4. Продумать запоминание текущего места чтения темы пользователем - только \nдля него. Также продумать сочетание работы этого механизма с загрузкой \nвыделенного сообщения из хеша адресной строки<br><br><div>6. Форматирование текста<br><br>7. сигнал о полученном сообщении(звуковой или графический)<br><br>8. Доделать аватары<br><br>9. сделать для активного поля какую-нибудь очевидную индикацию. А то, \nнапример, в новом файрфоксе активное поле никак не выделяется </div>', '2011-05-18 15:19:27', '2013-11-12 11:21:33', 1, NULL, NULL),
(474, 1, 0, 0, 'Вопрос: что делать с обновлением тем при удалении одного из сообщений', 'Предлагаю такое поведение: При удалении любого сообщения в теме обновление блока происходит (обновляется счетчик сообщений и при необходимости последнее сообщение) но блок не поднимается и не помечается непрочитанным.', '2011-05-18 16:19:43', '2013-07-23 11:02:26', 0, NULL, NULL),
(475, 1, 472, 472, '', 'бздык<br>', '2011-05-19 10:58:19', '2011-08-18 10:46:35', 1, 1, NULL),
(476, 15, 472, 472, '', 'ололо<br><br>', '2011-05-19 10:59:09', '2013-11-12 12:44:52', 1, 1, NULL),
(477, 1, 472, 472, '', ':)<br>', '2011-05-19 10:59:24', '2013-11-12 12:44:56', 1, 1, NULL),
(478, 15, 76, 76, '', 'testing<br>', '2011-05-19 11:22:36', NULL, NULL, NULL, NULL),
(479, 1, 74, 74, NULL, 'трам<br>', '2011-06-15 01:58:18', '2011-06-16 12:57:10', 1, 1, NULL),
(480, 1, 74, 74, NULL, '111<br>', '2011-06-15 02:55:59', '2011-06-16 12:55:23', 1, 1, NULL),
(481, 1, 74, 74, NULL, 'ну и что это?<br>', '2011-06-15 02:58:18', '2011-06-16 12:52:35', 1, 1, NULL),
(482, 1, 74, 74, NULL, 'fdsfsf<br>', '2011-06-15 03:02:03', '2011-06-16 12:50:08', 1, 1, NULL),
(483, 1, 74, 74, NULL, 'дада. работаем.<br>', '2011-06-15 03:02:18', '2011-06-15 00:03:51', 1, 1, NULL),
(484, 1, 77, 77, NULL, 'sfsdfsfsfs<br>', '2011-06-16 16:00:40', '2011-06-16 13:00:49', 1, 1, NULL),
(485, 1, 76, 76, NULL, 'sfsdfsf<br>', '2011-06-16 17:17:44', '2011-07-14 13:59:31', 1, 1, NULL),
(486, 1, 77, 77, NULL, '111111<br>', '2011-06-16 17:26:11', '2011-06-22 13:27:12', 1, 1, NULL),
(487, 1, 77, 77, NULL, 'dfsfs<br>', '2011-06-16 17:29:52', '2011-06-16 14:30:46', 1, 1, NULL),
(488, 1, 77, 77, NULL, 'dfgdfd<br>', '2011-06-16 17:32:54', '2011-06-16 14:33:00', 1, 1, NULL),
(489, 1, 76, 76, NULL, '111111111111<br>', '2011-06-16 18:05:47', '2011-06-16 15:05:58', 1, 1, NULL),
(490, 1, 76, 76, NULL, 'ывавыаываыаыаы<br>', '2011-06-16 18:06:09', '2011-06-16 15:06:15', 1, 1, NULL),
(491, 1, 76, 76, NULL, 'новый ответ в теме<br>', '2011-06-22 20:57:17', '2011-07-14 13:59:28', 1, 1, NULL),
(492, 1, 77, 77, NULL, 'тест<br>', '2011-07-06 15:02:11', '2011-07-08 22:15:23', 1, 1, NULL),
(493, 1, 77, 77, NULL, 'Привет<br>', '2011-07-06 15:09:11', '2011-07-08 22:17:30', 1, 1, NULL),
(494, 1, 77, 77, NULL, 'zzzzzzzzzzzzzzzzz<br>', '2011-07-09 01:55:07', '2011-07-08 23:00:46', 1, 1, NULL),
(495, 1, 77, 77, NULL, 'buzz<br>', '2011-07-09 02:06:49', '2011-07-14 13:54:48', 1, 1, NULL),
(496, 1, 76, 76, NULL, 'третретреп<br>', '2011-07-09 03:12:55', '2011-07-14 13:59:24', 1, 1, NULL),
(497, 1, 77, 77, NULL, 'тралялял<br>', '2011-07-09 03:47:15', '2011-07-14 13:54:45', 1, 1, NULL),
(498, 1, 77, 77, NULL, 'трала<br>', '2011-07-13 02:12:58', '2011-07-14 13:54:40', 1, 1, NULL),
(499, 1, 77, 77, NULL, '111111', '2011-07-13 02:13:54', '2011-07-14 13:54:54', 1, 1, NULL),
(500, 1, 77, 77, NULL, 'sdfsfsfdsf', '2011-07-13 02:21:58', '2011-07-14 13:59:39', 1, 1, NULL),
(501, 1, 76, 76, NULL, 'пампам', '2011-07-13 03:16:10', '2011-07-14 13:59:22', 1, 1, NULL),
(502, 1, 0, 0, 'Тема', 'Сообщение<br>', '2011-07-13 03:17:18', '2011-07-13 00:17:55', 1, 1, NULL),
(503, 1, 0, 0, 'татйлтвф,ldnsa', 'dadasda', '2011-07-13 03:18:14', '2011-07-14 08:14:27', 1, 1, NULL),
(504, 1, 503, 503, NULL, 'Привет', '2011-07-14 10:28:45', '2011-07-14 07:35:10', NULL, NULL, NULL),
(505, 1, 0, 0, 'Тема', 'Трампам', '2011-07-14 12:51:47', '2011-07-14 10:12:00', 1, 1, NULL),
(506, 1, 0, 0, 'Новая тема 2', 'сообщение', '2011-07-14 12:57:26', '2011-07-14 10:13:27', 1, 1, NULL),
(507, 1, 0, 0, 'Новая тема 3', 'сообщение', '2011-07-14 13:02:46', '2011-07-14 10:14:01', 1, 1, NULL),
(508, 1, 0, 0, 'Тема', 'два!', '2011-07-14 16:41:52', '2011-07-14 13:51:31', 1, 1, NULL),
(509, 1, 0, 0, 'Тема три!', 'лалала', '2011-07-14 16:49:34', '2011-07-14 13:52:16', 1, 1, NULL),
(510, 1, 508, 508, '', 'сообщение в тему', '2011-07-14 16:51:13', NULL, NULL, NULL, NULL),
(511, 1, 509, 509, '', 'Сообщение, блин!', '2011-07-14 16:51:23', '2011-07-14 13:52:12', 1, 1, NULL),
(512, 1, 77, 77, '', 'Разделил бекенды. Проверяем работу :)', '2011-08-09 12:16:35', NULL, NULL, NULL, NULL),
(513, 1, 472, 472, '', 'test', '2011-08-18 14:33:26', '2013-07-13 09:48:16', 1, 1, NULL),
(514, 1, 77, 77, '', 'убрал дублирование общего начала пхп-скриптов<br>', '2011-10-08 10:50:27', NULL, NULL, NULL, NULL),
(515, 1, 77, 77, '', 'упс. не сохранил. а вот теперь проверяем<br>', '2011-10-08 10:51:25', NULL, NULL, NULL, NULL),
(516, 1, 77, 77, NULL, 'Новое сообщение', '2012-04-06 18:27:18', NULL, NULL, NULL, NULL),
(517, 1, 0, 0, 'Новая тема 1', 'Сообщение', '2012-04-06 18:28:06', '2013-06-28 13:28:36', 1, 1, NULL),
(518, 1, 517, 517, NULL, '111111', '2012-04-06 18:28:13', NULL, NULL, NULL, NULL),
(519, 1, 517, 517, NULL, 'сообщение', '2012-04-07 01:06:37', NULL, NULL, NULL, NULL),
(521, 1, 76, 76, NULL, 'АааААаа', '2013-05-31 12:13:27', NULL, NULL, NULL, NULL),
(522, 0, 76, 76, NULL, 'Гость', '2013-05-31 12:13:35', NULL, NULL, NULL, NULL),
(524, 0, 74, 74, NULL, '<p>хм</p>', '2013-05-31 12:36:29', '2013-07-11 20:22:31', 1, 1, NULL),
(525, 0, 74, 74, NULL, 'хм2', '2013-05-31 12:36:36', '2013-07-11 20:22:33', 1, 1, NULL),
(526, 0, 74, 74, NULL, '<p>хм3</p>', '2013-05-31 12:38:15', '2013-07-11 20:22:35', 1, 1, NULL),
(527, 0, 472, 472, NULL, 'Проба переноса<br>раз два', '2013-05-31 12:40:02', '2013-07-11 20:23:15', 1, 1, NULL),
(529, 0, 76, 76, NULL, 'ООоооООооОооооо', '2013-05-31 14:17:15', NULL, NULL, NULL, NULL),
(530, 0, 76, 76, NULL, 'А если серьезно, то какая тематика форума собственно, Кай?', '2013-05-31 14:17:35', NULL, NULL, NULL, NULL),
(531, 1, 76, 76, NULL, 'Какого именно форума? Этого что ли? А какая у него может быть тематика, он тестовый.', '2013-06-03 11:55:24', NULL, NULL, NULL, NULL),
(532, 0, 76, 76, NULL, 'Подкупает отсутствие всякое ерунды, типа всплывающих окошек с картиночками типа "вырви глаз". Интересно было ознакомиться, надеюсь, что проект доживет до своего успешного логического завершения! Винь)<br>', '2013-06-03 12:53:11', '2013-06-03 09:53:36', 0, NULL, NULL),
(533, 0, 76, 76, NULL, 'Кай, поднимать форум без какой-либо идеи довольно странно. Что объединит людей? Зачем они сюда будут приходить?', '2013-06-03 18:43:27', NULL, NULL, NULL, NULL),
(534, 0, 76, 76, NULL, '<div>В целом, задумка неплохая.</div><div>Но нужно задуматься над несколькими вопросами :&nbsp;</div><div>1. Дизайн.&nbsp;</div><div>Создание разделов и, возможно, автоматической сортировки тем по ключевым словам (прокрутка длинного столбца с названиями тем не всем придется по душе).</div><div>Создание тем оформления. Не всех привлекает простой внешний вид.&nbsp;</div><div>Хотелось бы увидеть представление конечного продукта (на что он должен быть похож и какой у него, в итоге, должен быть внешний вид).</div><div>2. Быстродействие</div><div>При постоянном обновлении информации, идет большая нагрузка на серверную часть приложения, которая зависит от количества пользователей, находящихся в данный момент, на форуме.</div><div>3. Инвестиции</div><div>На какие средства будет проводиться поддержка сервера в стабильном, рабочем состоянии, ведь реклама (как способ зарабатывания денег) в проекте отсутствует?</div><div><br></div><div>Пока это все, что пришло в голову. &nbsp;&nbsp;</div><div><br></div><div>V.</div>', '2013-06-04 00:50:03', NULL, NULL, NULL, NULL),
(535, 0, 73, 73, NULL, 'Response<div><br></div>', '2013-06-06 23:37:35', '2013-07-11 20:23:03', 1, 1, 0),
(536, 1, 74, 74, NULL, 'хм4', '2013-06-27 17:05:12', '2013-07-11 20:22:39', 1, 1, NULL),
(538, 1, 0, 0, 'Тест 1', 'Тест1 (содержание)', '2013-06-27 18:48:35', '2013-06-28 13:26:57', 1, 1, NULL),
(539, 1, 0, 0, 'Тест 2', 'Тест 2 (пост)', '2013-06-27 18:52:40', '2013-06-28 13:26:49', 1, 1, NULL),
(540, 1, 74, 74, NULL, 'werwr', '2013-06-27 18:53:23', '2013-07-11 20:22:42', 1, 1, NULL),
(541, 1, 0, 0, 'Тест 3', 'Тест 3 (пост)', '2013-06-27 18:54:31', '2013-06-28 10:30:16', 1, 1, NULL),
(542, 1, 0, 0, 'Тест 4', 'Тест 4 (пост)', '2013-06-27 19:00:37', '2013-06-28 10:30:12', 1, 1, NULL),
(543, 1, 0, 0, 'Тема 5', 'Тема 5 (тест)', '2013-06-27 20:55:57', '2013-06-28 10:29:59', 1, 1, NULL),
(544, 1, 0, 0, 'Topic 6', 'Topic 6 (test)', '2013-06-27 21:00:09', '2013-06-28 10:30:06', 1, 1, NULL),
(545, 1, 0, 0, 'Тест 7', 'Тест 7 - сообщение', '2013-06-28 14:25:18', '2013-06-28 13:26:52', 1, 1, NULL),
(546, 1, 539, 539, NULL, '1111', '2013-06-28 14:26:31', NULL, NULL, NULL, NULL),
(547, 1, 0, 0, '001', '001а', '2013-06-28 15:05:24', '2013-06-28 13:26:44', 1, 1, NULL),
(548, 1, 0, 0, '002', '002a', '2013-06-28 15:05:54', '2013-06-28 13:26:41', 1, 1, NULL),
(549, 1, 0, 0, '003', '003a', '2013-06-28 15:18:12', '2013-06-28 13:26:38', 1, 1, NULL),
(550, 1, 0, 0, '004', '004a', '2013-06-28 15:20:44', '2013-06-28 13:26:34', 1, 1, NULL),
(551, 1, 0, 0, '005', '005a', '2013-06-28 15:24:48', '2013-06-28 13:26:31', 1, 1, NULL),
(552, 1, 0, 0, '006', '006--', '2013-06-28 15:26:08', '2013-06-28 13:26:27', 1, 1, NULL),
(553, 1, 0, 0, '007', '007a', '2013-06-28 15:30:07', '2013-06-28 13:26:24', 1, 1, NULL),
(554, 1, 0, 0, '008', '008--', '2013-06-28 15:31:26', '2013-06-28 13:26:20', 1, 1, NULL),
(555, 1, 0, 0, '009', '009--', '2013-06-28 15:34:37', '2013-06-28 13:26:16', 1, 1, NULL),
(556, 1, 0, 0, '010', '010--', '2013-06-28 15:37:24', '2013-06-28 13:26:13', 1, 1, NULL),
(557, 1, 0, 0, '011', '011--', '2013-06-28 15:49:32', '2013-06-28 13:26:09', 1, 1, NULL),
(558, 1, 0, 0, '012', '012--', '2013-06-28 15:50:40', '2013-06-28 13:25:31', 1, 1, NULL),
(559, 1, 0, 0, '013', 'rtrtewrt', '2013-06-28 15:54:18', '2013-06-28 13:26:06', 1, 1, NULL),
(560, 1, 0, 0, '014', '014--', '2013-06-28 15:54:56', '2013-06-28 13:25:24', 1, 1, NULL),
(561, 1, 0, 0, '015', '015--', '2013-06-28 15:56:49', '2013-06-28 13:24:31', 1, 1, NULL),
(562, 1, 0, 0, '016', '016--', '2013-06-28 15:57:08', '2013-06-28 13:22:18', 1, 1, NULL),
(563, 1, 0, 0, '017', '017--', '2013-06-28 15:58:34', '2013-06-28 13:20:58', 1, 1, NULL),
(564, 1, 0, 0, '018', '018--', '2013-06-28 16:13:20', '2013-06-28 13:18:53', 1, 1, NULL),
(565, 1, 0, 0, '001', '001++', '2013-06-28 16:30:17', '2013-07-02 10:04:11', 1, 1, NULL),
(566, 1, 76, 76, NULL, 'null 533, именно этот форум - просто тестовая установка. Мы разрабатываем движок, на котором можно будет создавать форумы любых тематик. Ну, кроме того, мы конечно же будем держать и своюсобственную установку, возможно даже не одну.', '2013-07-08 12:26:38', NULL, NULL, NULL, NULL),
(567, 1, 76, 76, NULL, 'null 534, по пунктам:<br>1. Всё это будет, в том или ином виде. Даже темизация уже немножко есть :)<br>2. Само собой. На about.tinng.net написано как это будет реализовано.<br>3. во-первых высокопроизводительный сервер на python или node.js будет платным. Во-вторых, ничто не исключает использование рекламы на нашем основном ресурсе. Реклама не должна быть навязчивой, но может присутствовать в не слишком раздражающем виде.', '2013-07-08 12:29:28', NULL, NULL, NULL, NULL),
(568, 1, 73, 73, NULL, 'Тест правильного детача', '2013-07-08 13:09:33', '2013-07-13 09:43:16', 1, 1, NULL),
(569, 1, 0, 0, 'Тестовая тема 2', 'ваыаываыав', '2013-07-08 13:10:54', '2013-07-08 10:11:20', 1, 1, NULL),
(570, 1, 0, 0, 'Новые баги', 'Тест3', '2013-07-09 14:59:51', '2013-07-23 12:57:13', 1, 1, NULL),
(571, 23, 570, 570, NULL, 'Пробный ответ из-под нового аккаунта', '2013-07-11 16:53:08', '2013-07-11 20:06:26', 1, 1, NULL),
(572, 23, 570, 570, NULL, 'Щито? Во время ответа в тему с одной "страницей" выпадает панель подгрузки! Баг десу.', '2013-07-11 16:53:54', '2013-07-11 20:06:23', 1, 1, NULL),
(573, 1, 570, 570, NULL, 'Обнаружил баг - при отправке нового сообщения в тему, в которой еще нет скрытых страниц появляется панель догрузки', '2013-07-11 23:07:51', NULL, NULL, NULL, NULL),
(574, 1, 570, 570, NULL, 'Да, к слову это происходит и при переименовании такой темы.', '2013-07-11 23:08:42', NULL, NULL, NULL, NULL),
(575, 1, 0, 0, 'Новые предложения и пожелания', 'Как минимум - отправку сообщения по хоткею', '2013-07-11 23:09:24', '2013-07-23 12:59:04', 1, 1, NULL),
(576, 1, 570, 570, NULL, '111', '2013-07-13 12:39:39', '2013-07-13 09:42:09', 1, 1, NULL),
(577, 1, 570, 570, NULL, 'Исправлено', '2013-07-13 12:42:13', '2013-07-13 09:42:39', 1, NULL, NULL),
(578, 1, 73, 73, NULL, 'Нужно добавить отправку сообщения по хоткею', '2013-07-13 12:51:24', NULL, NULL, NULL, NULL),
(579, 1, 381, 381, NULL, 'Да, я всё еще жду мыслей по этому поводу.', '2013-07-13 12:58:02', '2013-07-23 11:05:01', 0, 1, NULL),
(580, 30, 77, 77, NULL, 'Проба - пост от ВК-акка', '2013-07-16 16:59:11', NULL, NULL, NULL, NULL),
(581, 30, 77, 77, NULL, 'Еще одна попытка<br>', '2013-07-24 14:39:33', NULL, NULL, NULL, NULL),
(582, 6, 77, 77, NULL, 'Интересно, мой gravatar ещё живой?<br>', '2013-07-24 14:44:36', NULL, NULL, NULL, NULL),
(583, 6, 77, 77, NULL, 'Таки живой :)<br>', '2013-07-24 14:44:56', '2013-07-24 11:46:12', 6, NULL, NULL),
(584, 6, 77, 77, NULL, 'Или я что-то делаю не так или одно из двух...<br>', '2013-07-24 14:46:04', NULL, NULL, NULL, NULL),
(585, 6, 73, 73, NULL, '[14:45:28] Евгений aka Krakoruk: вопрос - почему так много места после мессаги остается?<br>[14:47:37] Кай Лерэйн: если она твоя - наведи на месагу, должны появиться кнопки редактирования и удаления.<br>[14:48:12] Евгений aka Krakoruk: а, так это для управляющих кнопок место?<br>[14:48:46] Евгений aka Krakoruk: и свои сообщения всегда будут казаться на строку больше?<br>[14:49:05] Кай Лерэйн: да<br>[14:49:12] Кай Лерэйн: если я ничего не переделаю)<br>[14:49:26] Кай Лерэйн: не только свои, а все, к модерации которых будет доступ<br>[14:49:27] Евгений aka Krakoruk: ну, это понятно)<br>[14:50:49] Евгений aka Krakoruk: а то какое-то непонятное ощущение - все время проверяю, не нажал ли я Enter после ввода текста мессаги :)<br>[15:00:40] Кай Лерэйн: может просто стоит небольшую отделительную линию сделать', '2013-07-24 15:09:41', NULL, NULL, NULL, NULL),
(586, 6, 73, 73, NULL, 'Добавить возможность получить линк на пост/топик через контекстное меню или просто через меню.<br>', '2013-07-24 15:16:33', NULL, NULL, NULL, NULL),
(587, 1, 73, 73, NULL, 'Сделал отправку по хоткею', '2013-07-24 18:15:05', NULL, NULL, NULL, NULL),
(588, 6, 77, 77, NULL, 'Тест хоткея.<br>', '2013-07-24 18:17:52', NULL, NULL, NULL, NULL),
(589, 6, 77, 77, NULL, 'Не хоткеит...<br>', '2013-07-24 18:18:01', NULL, NULL, NULL, NULL),
(590, 6, 77, 77, NULL, 'еще один тест<br>', '2013-07-24 18:18:34', NULL, NULL, NULL, NULL),
(591, 6, 77, 77, NULL, 'тоже мимо<br>', '2013-07-24 18:18:42', NULL, NULL, NULL, NULL),
(592, 1, 77, 77, NULL, 'Странно, у меня в фоксе хоткеит<br>', '2013-07-24 18:20:16', NULL, NULL, NULL, NULL),
(593, 6, 77, 77, NULL, 'ролртол', '2013-07-24 18:21:40', '2013-07-24 15:24:19', 6, 1, NULL),
(594, 6, 77, 77, NULL, 'Ура! Заработало!!1<br>', '2013-07-24 18:24:28', NULL, NULL, NULL, NULL),
(595, 6, 77, 77, NULL, 'ол', '2013-07-24 18:26:21', '2013-07-24 15:26:25', 6, 1, NULL),
(596, 30, 77, 77, NULL, 'Тест Непрочитанного 1<br>', '2013-08-08 13:19:20', NULL, NULL, NULL, NULL),
(597, 30, 77, 77, NULL, 'Тест 2<br>', '2013-08-08 13:43:47', NULL, NULL, NULL, NULL),
(598, 30, 77, 77, NULL, 'Тест 33333<br>', '2013-08-08 13:44:43', '2013-08-14 09:52:19', 1, NULL, NULL),
(599, 30, 77, 77, NULL, 'Тест 4<br>', '2013-08-08 13:45:02', NULL, NULL, NULL, NULL),
(600, 30, 77, 77, NULL, 'Тест 55555<br>', '2013-08-08 13:45:07', '2013-08-14 09:51:58', 1, NULL, NULL),
(601, 30, 73, 73, NULL, 'Тест 1<br>', '2013-08-08 14:04:26', '2013-12-05 01:06:45', 1, 1, NULL),
(602, 30, 73, 73, NULL, 'Тест 2<br>', '2013-08-08 14:04:47', '2013-12-05 01:06:43', 1, 1, NULL),
(603, 1, 77, 77, NULL, 'Тест 6', '2013-08-08 14:18:25', NULL, NULL, NULL, NULL),
(604, 30, 472, 472, NULL, 'Проба', '2013-08-08 14:31:31', '2013-09-22 11:12:45', 0, 1, NULL),
(605, 30, 0, 0, 'Проба новой темы 1', 'Алло!', '2013-08-08 15:04:00', '2013-11-28 15:40:11', 1, NULL, NULL),
(606, 34, 605, 605, NULL, 'Выглядит приятнее. Но на планшетах с медленным инетом безбожно свопит.&nbsp;', '2013-08-11 13:07:18', NULL, NULL, NULL, 34),
(608, 1, 605, 605, NULL, 'На планшетах любой сложный джаваскрипт работает фигово. Попробуй JS-версию гмейла открыть - вообще повесишься. Именно поэтому, пока мобильные процессоры не разогнались еще выше, в планах создание планшетно-телефонного клиента для Android/iOS', '2013-08-14 12:54:32', NULL, NULL, NULL, NULL),
(609, 34, 77, 77, NULL, 'А ссылки не жрёт?', '2013-09-18 23:29:35', '2013-09-18 20:29:58', 34, NULL, NULL),
(610, 34, 77, 77, NULL, 'tinng.net', '2013-09-18 23:32:39', NULL, NULL, NULL, NULL),
(611, 34, 77, 77, NULL, 'http://tinng.net', '2013-09-18 23:32:48', NULL, NULL, NULL, NULL),
(612, 34, 77, 77, NULL, '<p>d</p><p>f</p><p>g</p><p>h</p><p>j</p>', '2013-09-18 23:32:53', NULL, NULL, NULL, NULL),
(613, 34, 472, 472, NULL, '<p>А вообще позакрывать фиксы, доработать чуток мелочей и можно выкатить в рабочую альфу.</p>', '2013-09-18 23:35:55', '2013-09-22 11:09:45', 35, 1, NULL),
(614, 35, 472, 472, 'Ближайшие планы', 'test123', '2013-09-22 14:07:56', '2013-09-22 11:09:24', 35, 1, NULL),
(615, 1, 77, 77, NULL, 'пока не жрет', '2013-09-22 15:16:14', NULL, NULL, NULL, NULL),
(616, 1, 473, 473, NULL, '#5 (горячие клавиши) работает, но сбоит :(<div>После кого-то события перестает срабатывать.<br><br>Временно переведен в прошлый режим</div>', '2013-11-12 13:21:07', '2013-11-16 07:12:34', 1, NULL, NULL),
(617, 30, 0, 0, 'Тестовая тема 2', 'гыы', '2013-11-12 13:28:55', '2013-11-12 11:29:14', 30, 1, NULL),
(618, 30, 0, 0, 'Тестовая 3', 'фывфвф', '2013-11-12 13:29:49', '2013-11-12 11:30:00', 30, 1, NULL),
(619, 30, 0, 0, 'Тествоая 4', 'кенкн', '2013-11-12 13:30:55', '2013-11-12 11:31:01', 30, 1, NULL),
(620, 30, 471, 471, NULL, 'При удалении темы ее заголовок остается в заголовке столбца', '2013-11-12 13:31:27', '2013-11-12 12:48:15', 1, 1, NULL),
(621, 30, 77, 77, NULL, 'Тралала', '2013-11-12 13:32:47', NULL, NULL, NULL, NULL),
(622, 1, 605, 605, NULL, '111', '2013-11-16 13:11:00', '2013-11-22 21:33:35', 1, 1, NULL),
(623, 30, 77, 77, NULL, '111', '2013-11-22 23:11:48', NULL, NULL, NULL, NULL),
(624, 1, 605, 605, NULL, 'проба 1', '2013-11-23 00:30:02', '2013-11-22 22:31:59', 1, 1, NULL),
(625, 1, 605, 605, NULL, 'уц5435цук цук цк2342 4', '2013-11-23 00:40:37', '2013-11-22 22:42:04', 1, 1, NULL),
(626, 1, 605, 605, NULL, 'Сообщение для создания длинной темы менее чем на 20 постов:<div>1</div><div>2</div><div>3</div><div>4</div><div>5</div><div>6</div><div>7</div><div>8</div><div>9</div>', '2013-11-23 11:38:59', '2013-12-05 01:13:25', 1, 1, NULL),
(627, 1, 605, 605, NULL, 'Сообщение для создания длинной темы менее чем на 20 постов:<div>10</div><div>11</div><div>12</div><div>13</div><div>14</div><div>15</div><div>16</div><div>17</div><div>18</div><div>19</div>', '2013-11-23 11:39:29', '2013-12-05 01:13:22', 1, 1, NULL),
(628, 1, 605, 605, NULL, 'Сообщение для создания длинной темы менее чем на 20 постов:<div>21</div><div>22</div><div>23</div><div>24</div><div>25</div><div>26</div><div>27</div><div>28</div><div>29</div>', '2013-11-23 11:39:49', '2013-12-05 01:13:19', 1, 1, NULL),
(629, 1, 605, 605, NULL, 'Сообщение для создания длинной темы менее чем на 20 постов:<div>31</div><div>32</div><div>33</div><div>34</div><div>35</div><div>36</div><div>37</div><div>38</div><div>39</div>', '2013-11-23 11:40:12', '2013-12-05 01:13:17', 1, 1, NULL),
(630, 1, 605, 605, NULL, '1', '2013-11-23 12:29:55', '2013-11-23 10:46:35', 1, 1, NULL),
(631, 1, 605, 605, NULL, '2', '2013-11-23 12:30:06', '2013-11-23 10:43:38', 1, 1, NULL),
(632, 1, 605, 605, NULL, '3', '2013-11-23 12:42:47', '2013-11-23 10:43:13', 1, 1, NULL),
(633, 1, 605, 605, NULL, '2', '2013-11-23 12:44:29', '2013-12-05 01:13:14', 1, 1, NULL),
(634, 1, 605, 605, NULL, '3', '2013-11-23 12:44:49', '2013-11-23 10:46:23', 1, 1, NULL),
(635, 1, 605, 605, NULL, '4', '2013-11-23 12:46:44', '2013-11-23 11:06:10', 1, 1, NULL),
(636, 1, 605, 605, NULL, '5', '2013-11-23 13:05:37', '2013-11-23 11:06:07', 1, 1, NULL),
(637, 1, 605, 605, NULL, '3', '2013-11-23 13:08:31', '2013-11-23 12:38:27', 1, 1, NULL),
(638, 1, 605, 605, NULL, '4', '2013-11-23 14:21:56', '2013-11-23 12:38:24', 1, 1, NULL),
(639, 1, 605, 605, NULL, '5', '2013-11-23 14:22:17', '2013-11-23 12:38:22', 1, 1, NULL),
(640, 1, 77, 77, NULL, '222', '2013-11-23 18:09:05', NULL, NULL, NULL, NULL),
(641, 1, 77, 77, NULL, '333', '2013-11-23 18:17:26', NULL, NULL, NULL, NULL),
(642, 1, 77, 77, NULL, '444', '2013-11-23 18:22:28', NULL, NULL, NULL, NULL),
(643, 1, 73, 73, NULL, '14534535', '2013-11-28 17:37:02', '2013-12-05 01:06:37', 1, 1, NULL),
(644, 1, 76, 76, NULL, '1', '2013-12-04 23:41:09', '2013-12-05 01:13:34', 1, 1, NULL),
(645, 30, 0, 0, 'Проба темы 1', 'кукцукцу', '2013-12-05 01:14:03', '2013-12-04 23:16:44', 30, 1, NULL),
(646, 30, 0, 0, 'Проба темы 2', 'йцуйцуй', '2013-12-05 01:16:02', '2013-12-04 23:16:50', 30, 1, NULL),
(647, 30, 0, 0, '111', '222', '2013-12-05 01:18:28', '2013-12-04 23:43:26', 30, 1, NULL),
(648, 30, 0, 0, '2222', '2222', '2013-12-05 01:21:16', '2013-12-04 23:43:34', 30, 1, NULL),
(649, 30, 0, 0, '333', '333', '2013-12-05 01:43:12', '2013-12-04 23:45:29', 30, 1, NULL),
(650, 30, 0, 0, '11111', '111111111111111111111111', '2013-12-05 01:48:26', '2013-12-04 23:48:36', 30, 1, NULL),
(651, 30, 0, 0, '222222222222', '222222222222222', '2013-12-05 01:50:15', '2013-12-04 23:50:20', 30, 1, NULL),
(652, 30, 0, 0, '22222222222222', '222222222222222222', '2013-12-05 01:54:02', '2013-12-05 01:07:15', 1, 1, NULL),
(653, 30, 0, 0, '22222222222222', '333333333333333333', '2013-12-05 01:54:26', '2013-12-05 01:06:20', 1, 1, NULL),
(654, 30, 0, 0, 'Новая тема', '1', '2013-12-05 01:57:34', '2013-12-05 01:06:13', 1, 1, NULL),
(655, 30, 0, 0, 'Новая тема', '2', '2013-12-05 01:57:57', '2013-12-05 01:06:07', 1, 1, NULL),
(656, 30, 0, 0, 'Новая тема', '3', '2013-12-05 02:00:28', '2013-12-05 01:05:34', 1, 1, NULL),
(657, 30, 0, 0, 'Новая тема', '4', '2013-12-05 02:02:35', '2013-12-05 01:05:26', 1, 1, NULL),
(658, 30, 0, 0, 'Новая тема', '5', '2013-12-05 02:03:18', '2013-12-05 01:05:30', 1, 1, NULL),
(659, 30, 0, 0, 'Новая тема', '6', '2013-12-05 02:04:31', '2013-12-05 01:05:21', 1, 1, NULL),
(660, 30, 0, 0, 'Новая тема', '7', '2013-12-05 02:04:56', '2013-12-05 01:04:56', 1, 1, NULL),
(661, 30, 0, 0, 'Новая тема', '8', '2013-12-05 02:27:31', '2013-12-05 01:04:36', 1, 1, NULL),
(662, 30, 0, 0, 'Новая тема', '9', '2013-12-05 02:27:31', '2013-12-05 01:04:22', 1, 1, NULL),
(663, 30, 0, 0, 'Новая тема', '10', '2013-12-05 02:30:17', '2013-12-05 00:31:21', 30, 1, NULL),
(664, 30, 0, 0, 'Новая тема', '10', '2013-12-05 02:30:17', '2013-12-05 01:04:12', 1, 1, NULL),
(665, 30, 0, 0, 'Новая тема', '11', '2013-12-05 02:31:31', '2013-12-05 01:04:06', 1, 1, NULL),
(667, 30, 0, 0, 'Новая тема', '13', '2013-12-05 02:38:42', '2013-12-05 01:03:27', 1, 1, NULL),
(668, 1, 667, 667, NULL, '1', '2013-12-05 02:49:45', NULL, NULL, NULL, NULL),
(669, 1, 667, 667, NULL, '2', '2013-12-05 02:54:40', NULL, NULL, NULL, NULL),
(670, 1, 0, 0, 'Новая тема ', '14', '2013-12-05 03:03:15', '2013-12-05 01:03:32', 1, 1, NULL),
(671, 1, 73, 73, NULL, 'После удаления темы следующая активируемая загружается только со второго клика.', '2013-12-05 03:07:08', NULL, NULL, NULL, NULL),
(672, 30, 73, 73, NULL, '1', '2013-12-05 03:09:26', '2013-12-05 01:09:36', 30, 1, NULL),
(673, 1, 0, 0, 'Тест 1', '1111', '2013-12-12 23:00:58', NULL, NULL, NULL, NULL),
(674, 1, 673, 673, NULL, '2', '2013-12-12 23:01:03', NULL, NULL, NULL, NULL),
(675, 1, 673, 673, NULL, '3', '2013-12-12 23:01:05', NULL, NULL, NULL, NULL),
(676, 1, 673, 673, NULL, '4', '2013-12-12 23:01:07', NULL, NULL, NULL, NULL),
(677, 1, 673, 673, NULL, '5', '2013-12-13 00:00:08', NULL, NULL, NULL, NULL),
(678, 1, 673, 673, NULL, '6', '2013-12-13 00:00:10', NULL, NULL, NULL, NULL),
(679, 1, 673, 673, NULL, '7', '2013-12-13 00:00:12', NULL, NULL, NULL, NULL),
(680, 1, 673, 673, NULL, '8', '2013-12-13 00:00:13', NULL, NULL, NULL, NULL),
(681, 1, 673, 673, NULL, '9', '2013-12-13 00:00:16', NULL, NULL, NULL, NULL),
(682, 1, 673, 673, NULL, '10', '2013-12-13 00:00:18', NULL, NULL, NULL, NULL),
(683, 1, 673, 673, NULL, '11', '2013-12-13 00:00:19', NULL, NULL, NULL, NULL),
(684, 1, 673, 673, NULL, '12', '2013-12-13 00:00:21', NULL, NULL, NULL, NULL),
(685, 1, 673, 673, NULL, '13', '2013-12-13 00:00:30', NULL, NULL, NULL, NULL),
(686, 1, 673, 673, NULL, '14', '2013-12-13 00:00:32', NULL, NULL, NULL, NULL),
(687, 1, 673, 673, NULL, '15', '2013-12-13 00:00:36', NULL, NULL, NULL, NULL),
(688, 1, 673, 673, NULL, '16', '2013-12-13 00:00:38', NULL, NULL, NULL, NULL),
(689, 1, 673, 673, NULL, '17', '2013-12-13 00:00:40', NULL, NULL, NULL, NULL),
(690, 1, 673, 673, NULL, '18', '2013-12-13 00:00:42', NULL, NULL, NULL, NULL),
(691, 1, 673, 673, NULL, '19', '2013-12-13 00:00:47', NULL, NULL, NULL, NULL),
(692, 1, 673, 673, NULL, '20', '2013-12-13 00:00:49', NULL, NULL, NULL, NULL),
(693, 1, 673, 673, NULL, '21', '2013-12-13 00:00:52', NULL, NULL, NULL, NULL),
(694, 1, 673, 673, NULL, '22', '2013-12-13 00:00:53', NULL, NULL, NULL, NULL),
(695, 1, 673, 673, NULL, '23', '2013-12-13 00:00:56', NULL, NULL, NULL, NULL),
(696, 1, 673, 673, NULL, '24', '2013-12-13 00:01:08', NULL, NULL, NULL, NULL),
(697, 1, 673, 673, NULL, '25', '2013-12-13 00:01:10', NULL, NULL, NULL, NULL),
(698, 1, 673, 673, NULL, '26', '2013-12-13 00:01:13', NULL, NULL, NULL, NULL),
(699, 1, 673, 673, NULL, '27', '2013-12-13 00:01:15', NULL, NULL, NULL, NULL),
(700, 1, 673, 673, NULL, '28', '2013-12-13 00:01:18', NULL, NULL, NULL, NULL),
(701, 1, 673, 673, NULL, '29', '2013-12-13 00:01:21', NULL, NULL, NULL, NULL),
(702, 1, 673, 673, NULL, '30', '2013-12-13 00:01:23', NULL, NULL, NULL, NULL),
(703, 1, 673, 673, NULL, '31', '2013-12-13 00:01:26', NULL, NULL, NULL, NULL),
(704, 1, 673, 673, NULL, '32', '2013-12-13 00:01:27', NULL, NULL, NULL, NULL),
(705, 1, 673, 673, NULL, '33', '2013-12-13 00:01:29', NULL, NULL, NULL, NULL),
(706, 1, 673, 673, NULL, '34', '2013-12-13 00:01:33', NULL, NULL, NULL, NULL),
(707, 1, 673, 673, NULL, '35', '2013-12-13 00:01:35', NULL, NULL, NULL, NULL),
(708, 1, 673, 673, NULL, '36', '2013-12-13 00:01:37', NULL, NULL, NULL, NULL),
(709, 1, 673, 673, NULL, '37', '2013-12-13 00:01:38', NULL, NULL, NULL, NULL),
(710, 1, 673, 673, NULL, '38', '2013-12-13 00:01:40', NULL, NULL, NULL, NULL),
(711, 1, 673, 673, NULL, '39', '2013-12-13 00:01:42', NULL, NULL, NULL, NULL),
(712, 1, 673, 673, NULL, '40', '2013-12-13 00:01:46', NULL, NULL, NULL, NULL),
(713, 1, 673, 673, NULL, '41', '2013-12-13 00:01:49', NULL, NULL, NULL, NULL);

-- --------------------------------------------------------

--
-- Структура таблицы `tinng_tagmap`
--

CREATE TABLE IF NOT EXISTS `tinng_tagmap` (
  `link_id` bigint(20) unsigned NOT NULL AUTO_INCREMENT,
  `message` bigint(20) unsigned NOT NULL,
  `tag` int(10) unsigned NOT NULL,
  PRIMARY KEY (`link_id`),
  KEY `message` (`message`,`tag`)
) ENGINE=InnoDB  DEFAULT CHARSET=utf8 AUTO_INCREMENT=11 ;

--
-- Дамп данных таблицы `tinng_tagmap`
--

INSERT INTO `tinng_tagmap` (`link_id`, `message`, `tag`) VALUES
(1, 48, 1),
(2, 48, 2),
(8, 73, 3),
(9, 76, 4),
(3, 381, 1),
(4, 472, 1),
(5, 472, 2),
(6, 474, 1),
(7, 474, 2),
(10, 474, 3);

-- --------------------------------------------------------

--
-- Структура таблицы `tinng_tags`
--

CREATE TABLE IF NOT EXISTS `tinng_tags` (
  `id` int(10) unsigned NOT NULL AUTO_INCREMENT,
  `name` varchar(20) NOT NULL,
  `type` varchar(10) NOT NULL,
  `strict` int(10) unsigned DEFAULT NULL COMMENT 'привязка к сообществу для внутренних тегов',
  PRIMARY KEY (`id`)
) ENGINE=InnoDB  DEFAULT CHARSET=utf8 AUTO_INCREMENT=5 ;

--
-- Дамп данных таблицы `tinng_tags`
--

INSERT INTO `tinng_tags` (`id`, `name`, `type`, `strict`) VALUES
(1, 'ulticomm', 'user', NULL),
(2, 'разработка', 'user', NULL),
(3, 'test', 'user', NULL),
(4, 'test2', 'user', NULL);

-- --------------------------------------------------------

--
-- Структура таблицы `tinng_unread`
--

CREATE TABLE IF NOT EXISTS `tinng_unread` (
  `id` bigint(20) unsigned NOT NULL AUTO_INCREMENT,
  `user` int(10) unsigned NOT NULL,
  `topic` bigint(20) unsigned NOT NULL,
  `timestamp` timestamp NOT NULL DEFAULT '0000-00-00 00:00:00',
  PRIMARY KEY (`id`),
  KEY `unr_topic` (`topic`),
  KEY `unr_user` (`user`)
) ENGINE=InnoDB  DEFAULT CHARSET=utf8 AUTO_INCREMENT=179 ;

--
-- Дамп данных таблицы `tinng_unread`
--

INSERT INTO `tinng_unread` (`id`, `user`, `topic`, `timestamp`) VALUES
(1, 1, 77, '2013-11-22 21:11:48'),
(2, 1, 76, '2013-06-03 21:50:03'),
(3, 1, 379, '2011-05-02 12:47:10'),
(4, 1, 73, '2013-08-08 11:04:47'),
(5, 1, 74, '2011-04-19 18:05:57'),
(6, 1, 48, '2011-05-18 12:40:52'),
(7, 1, 381, '2011-07-23 13:20:18'),
(8, 12, 77, '2011-04-07 23:35:45'),
(9, 12, 76, '2011-04-08 10:57:05'),
(10, 12, 73, '2011-04-13 21:46:43'),
(11, 12, 48, '2011-04-13 21:46:30'),
(12, 12, 379, '2011-04-07 23:09:28'),
(13, 4, 381, '2011-04-24 22:06:40'),
(14, 4, 379, '2011-04-24 22:06:07'),
(15, 12, 381, '2011-04-07 23:30:03'),
(16, 1, 0, '2011-04-08 07:31:36'),
(17, 12, 74, '2011-04-13 17:11:07'),
(18, 4, 48, '2011-05-19 07:42:54'),
(19, 4, 73, '2011-05-02 12:41:01'),
(20, 4, 74, '2011-04-24 22:06:02'),
(21, 4, 76, '2011-05-02 12:40:46'),
(22, 4, 77, '2011-04-24 22:06:14'),
(23, 14, 77, '2013-08-14 09:52:19'),
(24, 14, 74, '2011-04-26 06:36:34'),
(25, 14, 76, '2011-04-26 06:36:51'),
(26, 14, 48, '2011-04-26 06:43:19'),
(27, 14, 379, '2011-04-26 11:31:31'),
(28, 14, 381, '2011-04-26 11:34:52'),
(29, 14, 73, '2013-07-24 12:09:41'),
(30, 7, 73, '2011-05-01 15:07:02'),
(31, 1, 475, '2011-05-12 06:55:37'),
(32, 1, 471, '2013-11-12 11:31:27'),
(33, 1, 472, '2013-08-08 11:31:31'),
(34, 1, 473, '2011-05-18 12:41:41'),
(35, 1, 474, '2011-05-18 13:20:19'),
(36, 4, 474, '2011-05-19 07:36:33'),
(37, 4, 472, '2011-05-19 07:36:34'),
(38, 4, 473, '2011-05-19 07:37:05'),
(39, 15, 474, '2011-05-19 07:56:05'),
(40, 15, 48, '2011-05-19 07:56:10'),
(41, 15, 473, '2011-05-19 07:57:12'),
(42, 15, 76, '2011-05-19 07:57:20'),
(43, 15, 472, '2011-05-19 08:01:01'),
(44, 15, 73, '2011-05-19 08:06:15'),
(45, 7, 474, '2011-05-30 10:57:23'),
(46, 7, 473, '2011-05-30 10:59:36'),
(47, 7, 76, '2011-05-30 11:00:23'),
(48, 7, 472, '2011-05-30 11:08:22'),
(49, 16, 74, '2011-06-05 19:30:29'),
(50, 16, 473, '2011-06-05 19:30:45'),
(51, 16, 76, '2011-06-05 19:32:32'),
(52, 16, 472, '2011-06-05 19:33:55'),
(53, 16, 48, '2011-06-06 05:06:20'),
(54, 16, 73, '2011-06-06 10:01:50'),
(55, 16, 474, '2011-06-06 10:02:42'),
(56, 16, 77, '2011-06-06 10:02:55'),
(57, 1, 502, '2011-07-13 00:17:40'),
(58, 1, 503, '2011-07-14 08:14:10'),
(59, 1, 505, '2011-07-14 10:02:16'),
(60, 1, 506, '2011-07-14 10:02:19'),
(61, 1, 507, '2011-07-14 10:13:58'),
(62, 1, 508, '2011-07-14 13:49:22'),
(63, 1, 509, '2011-07-14 13:49:34'),
(64, 1, 517, '2012-04-06 15:28:07'),
(65, 1, 538, '2013-06-27 15:48:37'),
(66, 1, 539, '2013-06-27 15:52:41'),
(67, 1, 541, '2013-06-27 15:54:31'),
(68, 1, 542, '2013-06-27 16:00:38'),
(69, 1, 543, '2013-06-27 17:55:58'),
(70, 1, 544, '2013-06-27 18:00:10'),
(71, 1, 545, '2013-06-28 11:25:19'),
(72, 1, 548, '2013-06-28 12:05:55'),
(73, 1, 549, '2013-06-28 12:18:13'),
(74, 1, 550, '2013-06-28 12:20:45'),
(75, 1, 551, '2013-06-28 12:24:49'),
(76, 1, 552, '2013-06-28 12:26:09'),
(77, 1, 553, '2013-06-28 12:30:08'),
(78, 1, 554, '2013-06-28 12:31:27'),
(79, 1, 555, '2013-06-28 12:34:38'),
(80, 1, 556, '2013-06-28 12:37:25'),
(81, 1, 557, '2013-06-28 12:49:33'),
(82, 1, 558, '2013-06-28 12:50:41'),
(83, 1, 559, '2013-06-28 12:54:18'),
(84, 1, 560, '2013-06-28 12:54:57'),
(85, 1, 561, '2013-06-28 12:56:50'),
(86, 1, 562, '2013-06-28 12:57:09'),
(87, 1, 563, '2013-06-28 12:58:35'),
(88, 1, 564, '2013-06-28 13:13:20'),
(89, 1, 547, '2013-06-28 13:26:43'),
(90, 1, 565, '2013-06-28 13:30:18'),
(91, 1, 569, '2013-07-08 10:10:55'),
(92, 1, 570, '2013-07-09 11:59:52'),
(93, 22, 73, '2013-07-11 13:36:07'),
(94, 23, 570, '2013-07-11 13:52:55'),
(95, 23, 73, '2013-07-11 13:54:01'),
(96, 23, 76, '2013-07-11 13:54:06'),
(97, 23, 74, '2013-07-11 13:54:14'),
(98, 1, 575, '2013-07-11 20:09:25'),
(99, 25, 575, '2013-07-11 21:21:19'),
(100, 25, 570, '2013-07-11 21:21:28'),
(101, 25, 73, '2013-07-11 21:21:34'),
(102, 25, 77, '2013-07-11 21:25:39'),
(103, 25, 472, '2013-07-11 21:29:12'),
(104, 25, 76, '2013-07-11 21:29:19'),
(105, 25, 473, '2013-07-11 21:30:43'),
(106, 25, 74, '2013-07-11 21:30:44'),
(107, 12, 575, '2013-07-12 11:33:08'),
(108, 12, 473, '2013-07-12 11:37:58'),
(109, 30, 77, '2013-11-23 16:22:28'),
(110, 32, 76, '2013-07-23 10:21:48'),
(111, 32, 474, '2013-07-23 10:30:00'),
(112, 32, 381, '2013-07-23 11:03:57'),
(113, 32, 77, '2013-07-23 11:07:30'),
(114, 6, 77, '2013-07-24 11:29:15'),
(115, 6, 73, '2013-07-24 12:08:50'),
(116, 30, 472, '2013-11-12 11:33:43'),
(117, 30, 474, '2013-08-08 10:18:14'),
(118, 30, 76, '2013-12-04 21:41:09'),
(119, 30, 73, '2013-12-05 01:07:08'),
(120, 30, 473, '2013-11-16 07:12:34'),
(121, 30, 605, '2013-11-23 10:44:29'),
(122, 34, 605, '2013-08-11 10:06:49'),
(123, 1, 605, '2013-08-14 09:36:15'),
(124, 14, 472, '2013-09-18 18:20:12'),
(125, 34, 472, '2013-09-18 20:28:15'),
(126, 34, 474, '2013-09-18 20:29:07'),
(127, 34, 473, '2013-09-18 20:29:10'),
(128, 34, 76, '2013-09-18 20:29:14'),
(129, 34, 77, '2013-09-18 20:29:23'),
(130, 34, 73, '2013-09-18 20:33:38'),
(131, 34, 471, '2013-09-18 20:34:05'),
(132, 34, 74, '2013-09-18 20:34:14'),
(133, 35, 472, '2013-09-22 11:07:48'),
(134, 35, 605, '2013-09-22 11:10:09'),
(135, 35, 77, '2013-09-22 11:10:11'),
(136, 30, 617, '2013-11-12 11:28:56'),
(137, 30, 618, '2013-11-12 11:29:50'),
(138, 1, 618, '2013-11-12 11:29:55'),
(139, 30, 471, '2013-11-12 11:30:27'),
(140, 30, 619, '2013-11-12 11:30:56'),
(141, 30, 74, '2013-12-04 22:59:47'),
(142, 30, 645, '2013-12-04 23:16:42'),
(143, 30, 646, '2013-12-04 23:16:48'),
(144, 30, 647, '2013-12-04 23:43:22'),
(145, 30, 648, '2013-12-04 23:43:31'),
(146, 30, 649, '2013-12-04 23:45:25'),
(147, 30, 650, '2013-12-04 23:48:29'),
(148, 30, 651, '2013-12-04 23:50:17'),
(149, 30, 662, '2013-12-05 00:27:46'),
(150, 30, 663, '2013-12-05 00:31:16'),
(151, 30, 667, '2013-12-05 00:54:40'),
(152, 30, 666, '2013-12-05 00:48:04'),
(153, 30, 665, '2013-12-05 00:48:06'),
(154, 30, 664, '2013-12-05 00:48:09'),
(155, 1, 667, '2013-12-05 00:49:35'),
(156, 1, 666, '2013-12-05 00:57:27'),
(157, 1, 665, '2013-12-05 00:57:30'),
(158, 1, 664, '2013-12-05 00:59:56'),
(159, 1, 670, '2013-12-05 01:03:16'),
(160, 1, 662, '2013-12-05 01:04:19'),
(161, 1, 661, '2013-12-05 01:04:33'),
(162, 1, 659, '2013-12-05 01:04:46'),
(163, 1, 660, '2013-12-05 01:04:47'),
(164, 1, 657, '2013-12-05 01:05:23'),
(165, 1, 656, '2013-12-05 01:05:32'),
(166, 1, 655, '2013-12-05 01:06:05'),
(167, 1, 654, '2013-12-05 01:06:11'),
(168, 1, 653, '2013-12-05 01:06:18'),
(169, 1, 652, '2013-12-05 01:07:12'),
(170, 1, 673, '2013-12-12 21:00:58'),
(178, 30, 673, '2013-12-12 22:00:32');

-- --------------------------------------------------------

--
-- Структура таблицы `tinng_users`
--

CREATE TABLE IF NOT EXISTS `tinng_users` (
  `id` int(10) unsigned NOT NULL AUTO_INCREMENT,
  `login` varchar(24) CHARACTER SET latin1 COLLATE latin1_general_ci NOT NULL,
  `display_name` varchar(48) DEFAULT NULL,
  `email` varchar(128) CHARACTER SET latin1 COLLATE latin1_general_ci NOT NULL,
  `hash` varchar(128) CHARACTER SET latin1 COLLATE latin1_general_ci NOT NULL,
  `reg_date` datetime NOT NULL DEFAULT '0000-00-00 00:00:00',
  `approved` tinyint(1) unsigned DEFAULT NULL,
  `source` varchar(16) CHARACTER SET latin1 COLLATE latin1_general_ci NOT NULL DEFAULT 'local',
  PRIMARY KEY (`id`),
  UNIQUE KEY `usr_email` (`email`),
  UNIQUE KEY `id` (`id`),
  KEY `login` (`login`),
  KEY `login_2` (`login`),
  KEY `login_3` (`login`)
) ENGINE=InnoDB  DEFAULT CHARSET=utf8 AUTO_INCREMENT=36 ;

--
-- Дамп данных таблицы `tinng_users`
--

INSERT INTO `tinng_users` (`id`, `login`, `display_name`, `email`, `hash`, `reg_date`, `approved`, `source`) VALUES
(1, 'lerayne', NULL, 'lerayne@gmail.com', '062ac7c968833af0f79b2ff4a9de644e', '2010-03-12 15:48:00', 1, 'local'),
(4, 'takeda', NULL, 'kai.takeda@gmail.com', 'd8578edf8458ce06fbc5bb76a58c5ca4', '2011-04-01 03:15:36', 1, 'local'),
(6, 'Krakoruk', NULL, 'krakoruk@gmail.com', 'b224059e00fb0650bbda0c4ad7c40f3d', '2011-04-01 11:04:25', 1, 'local'),
(7, 'Julia', NULL, 'tanima.yuri@gmail.com', '2c2e92b215948e3b46925804f6007b8a', '2011-04-04 00:00:34', 1, 'local'),
(9, 'kettel', NULL, 'kettel@yandex.ru', '9e61763dd126a5f3b9ef276504025b95', '2011-04-04 18:34:53', 1, 'local'),
(10, 'karterfree', NULL, 'karterfree@gmail.com', 'a152e841783914146e4bcd4f39100686', '2011-04-05 12:01:07', 1, 'local'),
(11, 'lokkie', NULL, 'lokkie@wwegroup.info', '57d4bd5a9f7f4a988e77a1c49f8baa17', '2011-04-05 16:28:09', 1, 'local'),
(12, 'Integra', NULL, 'juliav20@gmail.com', 'adb00236071c05878eaeec5b3b96103d', '2011-04-08 01:11:14', 1, 'local'),
(13, 'kastaneda', NULL, 'kastaneda@gmail.com', '3fc0a7acf087f549ac2b266baf94b8b1', '2011-04-12 11:12:57', 1, 'local'),
(14, 'guayard', NULL, 'guayard@gmail.com', '228822ea0c419772c37c6bf563fe24c4', '2011-04-26 09:24:15', 1, 'local'),
(15, 'naso', NULL, 'asya_pustota@inbox.ru', '1d86924a6a0dcbfb731ea41460c76424', '2011-05-19 10:55:03', 1, 'local'),
(16, 'leon', NULL, 'dinoel.zik@gmail.com', '2811f88baed57b2a403dfb5bc2e1e80a', '2011-06-05 22:28:39', 1, 'local'),
(24, 'swallows_ghost', NULL, 'gantz.reader@gmail.com', '0e82533c37fced763be34a5c21d720c9', '2013-07-12 00:00:27', 1, 'local'),
(25, 'sko0ma_effekt', NULL, 'ya.meriadoc@yandex.ru', '67ada4a8dd18e6c64a4321950d490a25', '2013-07-12 00:17:12', 1, 'local'),
(30, 'vk8209069', 'Михаил Егоров', 'vk8209069@nomail', '02b3059a3a5edf338eb30c4a91c8042846baaca00d4ccb035cb0839b145187009a286f18696a862a5b807', '2013-07-16 16:54:00', 1, 'vk.com'),
(31, 'bredor', NULL, 'madhoney@ukr.net', 'f65d0ba41939ada6bfaac39915cb65fe', '2013-07-19 19:30:27', NULL, 'local'),
(32, 'vk29540956', 'Никита Морозов', 'vk29540956@nomail', '6cd74e8ea8128c4ada9cadd87f732ab175784f4f9211be2a003bbfea0957afa43badc60558bb1875ab2ce', '2013-07-23 11:12:06', 1, 'vk.com'),
(33, 'f248041', NULL, 'f248041@rmqkr.net', 'e10adc3949ba59abbe56e057f20f883e', '2013-07-23 13:01:10', NULL, 'local'),
(34, 'lopar', NULL, 'lopar.4ever@gmail.com', '8214859f0f718a24e3189eb818088fb7', '2013-08-11 12:57:49', 1, 'local'),
(35, 'trace1', NULL, 'a1825102@drdrb.com', 'aa95749dd82b28aa5183450ace1440b2', '2013-09-22 14:05:56', 1, 'local');

-- --------------------------------------------------------

--
-- Структура таблицы `tinng_user_settings`
--

CREATE TABLE IF NOT EXISTS `tinng_user_settings` (
  `user_id` int(10) unsigned NOT NULL,
  `param_key` varchar(16) CHARACTER SET latin1 COLLATE latin1_general_ci NOT NULL,
  `param_value` varchar(128) NOT NULL,
  KEY `user_id` (`user_id`)
) ENGINE=InnoDB DEFAULT CHARSET=utf8;

--
-- Дамп данных таблицы `tinng_user_settings`
--

INSERT INTO `tinng_user_settings` (`user_id`, `param_key`, `param_value`) VALUES
(1, 'avatar', 'gravatar'),
(4, 'avatar', 'gravatar'),
(6, 'avatar', 'gravatar'),
(7, 'avatar', 'gravatar'),
(9, 'avatar', 'gravatar'),
(10, 'avatar', 'gravatar'),
(11, 'avatar', 'gravatar'),
(12, 'avatar', 'gravatar'),
(13, 'avatar', 'gravatar'),
(14, 'avatar', 'gravatar'),
(15, 'avatar', 'gravatar'),
(16, 'avatar', 'gravatar'),
(24, 'avatar', 'gravatar'),
(25, 'avatar', 'gravatar'),
(30, 'avatar', 'http://cs10165.vk.me/u8209069/e_8eadd804.jpg'),
(32, 'avatar', 'http://cs5697.vk.me/u29540956/e_19fd7842.jpg'),
(34, 'avatar', 'gravatar'),
(35, 'avatar', 'gravatar');

/*!40101 SET CHARACTER_SET_CLIENT=@OLD_CHARACTER_SET_CLIENT */;
/*!40101 SET CHARACTER_SET_RESULTS=@OLD_CHARACTER_SET_RESULTS */;
/*!40101 SET COLLATION_CONNECTION=@OLD_COLLATION_CONNECTION */;
